0,1,2,3,4,5,6
bread,eggs,chocolate,apples,butter,cereal,flour
toothpaste,soap,chocolate,carrots,,,
pepper,cookies,salt,potatoes,tomatoes,,
carrots,chocolate,pepper,cheese,,,
sugar,butter,salt,pasta,cheese,,
cheese,pasta,bananas,,,,
toothpaste,juice,coffee,tea,tomatoes,bananas,eggs
sugar,shampoo,,,,,
tea,butter,beef,chocolate,toothpaste,cereal,
shampoo,bread,butter,eggs,,,
milk,cheese,chicken,,,,
beef,cheese,shampoo,,,,
oil,chocolate,butter,yogurt,rice,,
beef,carrots,tomatoes,salt,bread,toothpaste,butter
eggs,pasta,sugar,oil,beef,cheese,juice
oil,onions,bananas,beef,carrots,,
toothpaste,chocolate,oil,,,,
bananas,oil,beef,salt,onions,,
beef,juice,potatoes,butter,carrots,,
juice,chocolate,tomatoes,potatoes,,,
bread,butter,chocolate,pepper,yogurt,,
cheese,eggs,yogurt,flour,onions,,
milk,shampoo,cookies,,,,
sugar,yogurt,toothpaste,chicken,cereal,,
pepper,cheese,bread,pasta,,,
carrots,tomatoes,,,,,
onions,cookies,,,,,
potatoes,toothpaste,bananas,cereal,tea,,
chocolate,rice,butter,eggs,sugar,coffee,
coffee,shampoo,carrots,,,,
chocolate,juice,,,,,
soap,yogurt,,,,,
coffee,pepper,toothpaste,cheese,carrots,onions,potatoes
carrots,soap,yogurt,rice,eggs,sugar,coffee
beef,cereal,coffee,onions,chicken,bread,
butter,pasta,milk,,,,
toothpaste,butter,oil,juice,cheese,beef,bananas
pasta,shampoo,,,,,
flour,potatoes,milk,,,,
eggs,carrots,pasta,potatoes,flour,,
eggs,carrots,,,,,
pasta,potatoes,carrots,sugar,tea,,
onions,sugar,juice,milk,,,
onions,potatoes,apples,bread,tea,coffee,
rice,shampoo,juice,,,,
cookies,potatoes,cereal,bananas,pepper,flour,sugar
pasta,butter,sugar,bread,,,
tea,rice,bananas,,,,
flour,apples,chocolate,onions,,,
pasta,rice,cheese,salt,beef,,
rice,cheese,toothpaste,,,,
juice,cookies,,,,,
shampoo,pepper,flour,onions,,,
yogurt,milk,apples,coffee,beef,cookies,shampoo
butter,yogurt,,,,,
apples,shampoo,onions,,,,
oil,eggs,cheese,potatoes,,,
salt,eggs,shampoo,pepper,flour,tomatoes,chicken
tomatoes,pasta,apples,,,,
tomatoes,toothpaste,bread,pepper,,,
chicken,pasta,pepper,,,,
beef,chocolate,tomatoes,eggs,rice,,
pepper,bananas,eggs,,,,
cheese,carrots,salt,tea,,,
oil,beef,,,,,
oil,flour,,,,,
chocolate,pepper,coffee,bread,,,
juice,bread,beef,eggs,,,
onions,eggs,beef,pasta,oil,yogurt,rice
cookies,cereal,eggs,chocolate,bananas,sugar,
milk,chocolate,salt,cookies,,,
beef,oil,pepper,bananas,toothpaste,butter,
eggs,apples,tea,,,,
butter,tomatoes,salt,flour,,,
butter,toothpaste,yogurt,coffee,apples,,
butter,flour,tea,milk,,,
cereal,rice,milk,coffee,oil,butter,
tea,bananas,shampoo,flour,yogurt,,
apples,sugar,eggs,beef,yogurt,juice,
pasta,flour,,,,,
beef,butter,bread,juice,oil,chicken,
juice,salt,bananas,apples,,,
beef,eggs,,,,,
pepper,pasta,salt,tomatoes,chicken,,
chicken,cookies,yogurt,juice,tea,chocolate,sugar
cheese,sugar,flour,rice,chocolate,juice,salt
cookies,milk,pepper,salt,,,
rice,butter,onions,bread,pasta,flour,
chicken,tea,,,,,
chocolate,potatoes,toothpaste,salt,flour,bananas,
eggs,bananas,,,,,
potatoes,apples,,,,,
potatoes,oil,carrots,rice,coffee,pasta,milk
sugar,soap,tea,,,,
milk,eggs,bananas,,,,
apples,rice,,,,,
chicken,toothpaste,cheese,,,,
carrots,flour,sugar,potatoes,oil,eggs,
apples,beef,cereal,tomatoes,coffee,chicken,cheese
potatoes,toothpaste,shampoo,rice,onions,tomatoes,
shampoo,chicken,cereal,,,,
cookies,oil,,,,,
cereal,pepper,tea,soap,beef,yogurt,
tomatoes,pasta,yogurt,,,,
bananas,shampoo,,,,,
cookies,carrots,rice,salt,,,
sugar,bananas,,,,,
sugar,bananas,onions,coffee,tomatoes,salt,shampoo
salt,cereal,shampoo,sugar,yogurt,rice,chicken
rice,bread,cookies,butter,sugar,,
bananas,pepper,cheese,flour,eggs,,
cheese,tomatoes,apples,salt,butter,carrots,
pepper,chocolate,tomatoes,pasta,carrots,,
pasta,yogurt,juice,cereal,,,
yogurt,oil,chicken,bananas,shampoo,carrots,
flour,cereal,chocolate,tea,onions,milk,
bread,bananas,oil,cookies,,,
cookies,rice,soap,tomatoes,,,
toothpaste,salt,beef,potatoes,onions,carrots,chicken
butter,salt,,,,,
potatoes,eggs,toothpaste,bananas,soap,,
sugar,milk,juice,apples,tea,cookies,cereal
rice,butter,flour,salt,coffee,yogurt,
sugar,bananas,pepper,cereal,oil,cheese,cookies
carrots,cheese,onions,pasta,flour,,
carrots,milk,,,,,
bread,beef,carrots,butter,juice,,
cereal,milk,juice,beef,coffee,bananas,
flour,eggs,,,,,
bananas,pasta,sugar,beef,,,
tea,chocolate,onions,soap,beef,butter,shampoo
yogurt,potatoes,flour,,,,
yogurt,pasta,,,,,
onions,apples,cereal,shampoo,,,
yogurt,bread,cheese,cookies,salt,,
coffee,milk,toothpaste,salt,,,
cookies,salt,coffee,shampoo,potatoes,onions,tomatoes
bread,cookies,flour,pepper,onions,carrots,
juice,sugar,beef,cookies,apples,,
chicken,tomatoes,onions,juice,pasta,salt,soap
bread,cheese,pasta,juice,,,
chocolate,chicken,pasta,tomatoes,toothpaste,,
cookies,milk,,,,,
butter,tea,,,,,
toothpaste,bananas,carrots,pepper,oil,cheese,flour
salt,butter,,,,,
cereal,rice,oil,bananas,bread,,
pasta,soap,tomatoes,salt,toothpaste,tea,
chicken,pepper,beef,apples,oil,onions,bread
beef,cereal,shampoo,tea,pasta,chocolate,pepper
bananas,carrots,sugar,oil,,,
chocolate,carrots,butter,coffee,bread,salt,bananas
chicken,onions,flour,apples,salt,bananas,carrots
bananas,cereal,pepper,coffee,,,
cheese,chicken,coffee,juice,oil,,
apples,milk,tomatoes,,,,
butter,bread,pasta,oil,bananas,onions,chocolate
tomatoes,soap,yogurt,beef,pepper,rice,onions
sugar,apples,tea,,,,
pepper,shampoo,flour,oil,,,
oil,pepper,,,,,
potatoes,juice,apples,,,,
cookies,beef,eggs,salt,,,
cookies,potatoes,pepper,,,,
butter,soap,pepper,chocolate,flour,chicken,
beef,cookies,shampoo,,,,
sugar,chocolate,tea,milk,apples,bananas,
cookies,potatoes,milk,juice,apples,,
chicken,onions,toothpaste,,,,
bananas,rice,pepper,onions,shampoo,tomatoes,
tomatoes,milk,coffee,apples,pasta,,
butter,salt,tomatoes,,,,
chocolate,tea,,,,,
eggs,yogurt,juice,beef,tomatoes,bananas,milk
shampoo,bananas,,,,,
chocolate,soap,salt,rice,coffee,pasta,tomatoes
butter,pepper,,,,,
tomatoes,chocolate,coffee,beef,apples,,
carrots,tomatoes,bananas,beef,coffee,rice,cereal
coffee,carrots,yogurt,bananas,flour,pepper,
butter,shampoo,milk,yogurt,toothpaste,,
oil,cereal,potatoes,rice,,,
tea,rice,chicken,juice,,,
sugar,cereal,tomatoes,soap,,,
salt,chocolate,beef,tea,,,
tomatoes,apples,,,,,
tea,chicken,potatoes,pepper,chocolate,flour,coffee
shampoo,soap,,,,,
soap,salt,coffee,cereal,sugar,flour,apples
bananas,apples,eggs,carrots,cookies,flour,
coffee,eggs,,,,,
shampoo,tomatoes,,,,,
chocolate,juice,tea,milk,flour,sugar,soap
chocolate,sugar,oil,cheese,shampoo,yogurt,
carrots,tomatoes,,,,,
tea,yogurt,oil,potatoes,shampoo,coffee,
soap,coffee,oil,yogurt,,,
rice,tea,,,,,
salt,pepper,oil,butter,,,
potatoes,juice,,,,,
tea,oil,,,,,
coffee,eggs,pepper,,,,
butter,bread,,,,,
toothpaste,cheese,,,,,
chicken,soap,tea,beef,,,
onions,cheese,juice,beef,cookies,,
beef,shampoo,chicken,soap,cheese,bread,
pasta,pepper,,,,,
pasta,rice,soap,milk,oil,,
toothpaste,yogurt,apples,bananas,tea,beef,
pasta,tea,cereal,,,,
milk,pepper,rice,,,,
tomatoes,cookies,onions,chocolate,butter,,
pasta,rice,cheese,,,,
cookies,oil,chocolate,butter,pasta,milk,
potatoes,flour,cookies,butter,oil,pepper,
bread,tea,eggs,,,,
toothpaste,shampoo,,,,,
apples,yogurt,butter,sugar,,,
soap,beef,eggs,bread,milk,apples,tea
soap,beef,butter,cookies,chicken,,
oil,shampoo,chocolate,tomatoes,,,
milk,flour,juice,apples,potatoes,,
rice,bread,yogurt,pepper,salt,,
pasta,salt,tomatoes,beef,carrots,,
soap,toothpaste,eggs,beef,chocolate,,
cereal,cookies,milk,beef,juice,yogurt,
onions,bread,apples,sugar,juice,,
oil,salt,cookies,tomatoes,carrots,,
chicken,apples,flour,chocolate,pasta,cereal,
cereal,chocolate,,,,,
soap,chicken,butter,juice,,,
coffee,soap,,,,,
butter,potatoes,salt,pepper,oil,,
pepper,yogurt,potatoes,salt,,,
oil,apples,tea,salt,,,
sugar,salt,apples,,,,
chicken,milk,butter,,,,
chicken,bananas,butter,apples,,,
coffee,bananas,eggs,milk,apples,potatoes,
pepper,carrots,,,,,
onions,chicken,coffee,yogurt,cereal,shampoo,tomatoes
flour,toothpaste,butter,cheese,yogurt,,
tomatoes,oil,juice,beef,cereal,potatoes,
beef,cookies,onions,pasta,,,
shampoo,eggs,yogurt,salt,cookies,coffee,chocolate
pepper,chocolate,carrots,coffee,beef,salt,rice
cereal,chocolate,toothpaste,rice,,,
juice,sugar,yogurt,eggs,salt,oil,coffee
bread,butter,tea,coffee,juice,,
yogurt,onions,bananas,cookies,,,
potatoes,yogurt,toothpaste,,,,
sugar,eggs,onions,beef,rice,carrots,
flour,eggs,tea,oil,tomatoes,,
pasta,beef,carrots,bananas,,,
toothpaste,oil,salt,,,,
bananas,yogurt,apples,pepper,beef,,
juice,tea,shampoo,bananas,yogurt,,
pepper,beef,cookies,bananas,butter,milk,
cheese,pasta,milk,cereal,chocolate,pepper,carrots
tomatoes,juice,potatoes,eggs,oil,salt,
soap,chocolate,onions,apples,flour,,
bananas,carrots,onions,potatoes,,,
coffee,onions,,,,,
chicken,potatoes,rice,beef,onions,apples,pepper
oil,milk,apples,pepper,tea,rice,juice
apples,salt,cookies,carrots,,,
beef,eggs,cheese,,,,
chicken,beef,rice,salt,bananas,,
salt,soap,flour,,,,
yogurt,bananas,cookies,,,,
cookies,beef,tomatoes,salt,cereal,milk,
onions,chocolate,soap,sugar,flour,juice,pepper
onions,cheese,cookies,potatoes,bread,toothpaste,tea
bread,soap,cereal,,,,
beef,flour,cookies,pepper,,,
cheese,tomatoes,toothpaste,milk,,,
flour,rice,,,,,
yogurt,milk,butter,juice,cookies,,
bananas,chicken,,,,,
cheese,oil,chocolate,,,,
pepper,cheese,,,,,
oil,pepper,bananas,,,,
potatoes,sugar,beef,,,,
eggs,cookies,pasta,,,,
apples,chocolate,pasta,,,,
eggs,chocolate,potatoes,shampoo,,,
pasta,carrots,shampoo,milk,,,
chocolate,sugar,,,,,
milk,apples,flour,potatoes,cheese,cookies,
pasta,eggs,pepper,,,,
onions,flour,coffee,toothpaste,tea,carrots,
sugar,tomatoes,toothpaste,bread,onions,juice,
salt,rice,bread,,,,
oil,chocolate,shampoo,tomatoes,yogurt,coffee,cookies
pasta,potatoes,cereal,,,,
juice,soap,cheese,onions,cereal,,
shampoo,pepper,chocolate,carrots,cookies,onions,
salt,beef,chicken,,,,
yogurt,oil,,,,,
soap,rice,,,,,
salt,chicken,sugar,bananas,,,
chicken,rice,toothpaste,,,,
beef,sugar,toothpaste,chocolate,milk,juice,apples
sugar,carrots,onions,bread,apples,pasta,coffee
chocolate,carrots,butter,potatoes,,,
cookies,rice,onions,pepper,bananas,,
yogurt,onions,cereal,pepper,,,
toothpaste,rice,eggs,carrots,,,
chocolate,cereal,tea,,,,
flour,shampoo,pepper,onions,milk,,
apples,coffee,chicken,shampoo,onions,,
onions,pasta,pepper,coffee,cheese,,
coffee,tomatoes,chocolate,bread,,,
salt,yogurt,pepper,bananas,toothpaste,,
flour,butter,chicken,potatoes,oil,,
cereal,tea,pasta,,,,
flour,pasta,,,,,
pasta,shampoo,chocolate,cereal,soap,,
tea,yogurt,carrots,rice,,,
eggs,bread,pepper,beef,tomatoes,potatoes,chicken
cheese,sugar,,,,,
cereal,juice,,,,,
apples,cookies,sugar,coffee,chocolate,juice,
eggs,chicken,pasta,toothpaste,bananas,oil,
soap,onions,,,,,
chocolate,butter,carrots,rice,shampoo,,
bananas,shampoo,pasta,cheese,,,
beef,tomatoes,cookies,,,,
tea,yogurt,salt,juice,potatoes,pasta,
coffee,bananas,,,,,
cookies,potatoes,coffee,pepper,apples,toothpaste,bananas
carrots,rice,potatoes,tea,,,
cereal,flour,sugar,,,,
salt,toothpaste,shampoo,,,,
tea,potatoes,cookies,carrots,butter,shampoo,chocolate
soap,carrots,,,,,
yogurt,salt,cereal,,,,
tomatoes,tea,potatoes,bread,flour,pepper,
soap,coffee,salt,tea,butter,juice,potatoes
cheese,cereal,pasta,yogurt,chicken,,
butter,cereal,bread,,,,
beef,eggs,toothpaste,carrots,potatoes,,
yogurt,sugar,carrots,,,,
chicken,pepper,apples,toothpaste,,,
cookies,salt,flour,,,,
juice,milk,soap,butter,oil,bread,apples
chocolate,apples,cheese,,,,
chicken,carrots,onions,apples,bananas,,
soap,yogurt,,,,,
juice,onions,chocolate,bread,,,
juice,milk,onions,,,,
butter,shampoo,coffee,,,,
sugar,bananas,cookies,tea,yogurt,,
salt,juice,chicken,rice,potatoes,coffee,cereal
juice,bananas,salt,,,,
shampoo,juice,sugar,cereal,eggs,pasta,cookies
shampoo,chicken,cheese,,,,
cookies,eggs,,,,,
butter,chocolate,pasta,chicken,cheese,tea,coffee
sugar,pepper,,,,,
pasta,carrots,,,,,
chicken,soap,pepper,toothpaste,tomatoes,,
tea,cookies,beef,chicken,rice,flour,
oil,juice,bread,yogurt,pasta,milk,potatoes
toothpaste,yogurt,rice,,,,
chocolate,tomatoes,cookies,bread,potatoes,juice,
cookies,butter,,,,,
flour,cheese,sugar,butter,cereal,,
soap,cheese,pasta,beef,cereal,,
chicken,beef,,,,,
shampoo,rice,bananas,,,,
toothpaste,rice,cereal,carrots,pepper,,
beef,soap,juice,tomatoes,apples,bread,rice
cookies,eggs,flour,milk,,,
cheese,onions,toothpaste,,,,
juice,carrots,chicken,,,,
yogurt,coffee,tomatoes,juice,apples,oil,tea
salt,beef,rice,shampoo,,,
milk,pasta,,,,,
toothpaste,bread,coffee,,,,
sugar,pasta,eggs,cookies,milk,tomatoes,bananas
butter,cereal,chocolate,pasta,,,
soap,chicken,chocolate,tea,,,
shampoo,pepper,yogurt,,,,
coffee,juice,onions,shampoo,bread,beef,
cookies,yogurt,apples,potatoes,rice,butter,pepper
carrots,bananas,onions,rice,sugar,tea,
yogurt,bananas,milk,shampoo,,,
milk,tea,,,,,
bananas,carrots,,,,,
coffee,beef,juice,sugar,,,
carrots,chocolate,eggs,beef,juice,,
potatoes,toothpaste,shampoo,eggs,bananas,,
apples,flour,beef,,,,
flour,eggs,apples,rice,,,
shampoo,cereal,bananas,,,,
potatoes,flour,shampoo,,,,
soap,carrots,chocolate,butter,coffee,sugar,
onions,chicken,,,,,
sugar,chicken,,,,,
salt,bread,tea,chocolate,carrots,,
tomatoes,oil,flour,sugar,rice,,
pepper,onions,juice,carrots,yogurt,,
chocolate,sugar,bread,tomatoes,beef,toothpaste,juice
apples,rice,soap,onions,,,
pasta,potatoes,cookies,rice,shampoo,,
apples,pepper,butter,oil,onions,,
yogurt,cereal,beef,flour,,,
eggs,chocolate,coffee,,,,
rice,cheese,oil,carrots,,,
oil,tomatoes,yogurt,,,,
potatoes,carrots,tomatoes,yogurt,pasta,,
milk,bananas,soap,apples,,,
oil,shampoo,,,,,
tomatoes,cookies,,,,,
onions,oil,potatoes,toothpaste,bread,tea,eggs
onions,rice,cheese,milk,tea,chocolate,eggs
shampoo,milk,coffee,flour,rice,,
chicken,pasta,tea,rice,,,
coffee,flour,yogurt,,,,
shampoo,bananas,butter,,,,
tomatoes,sugar,bread,,,,
tea,bread,,,,,
tomatoes,cookies,pasta,sugar,,,
yogurt,cheese,cereal,salt,cookies,shampoo,eggs
bread,beef,rice,onions,shampoo,bananas,
bananas,salt,cereal,yogurt,oil,,
eggs,onions,potatoes,carrots,oil,,
juice,coffee,butter,,,,
rice,yogurt,oil,tea,,,
chicken,potatoes,,,,,
toothpaste,salt,flour,pepper,sugar,yogurt,pasta
flour,sugar,soap,butter,,,
shampoo,coffee,milk,soap,yogurt,apples,
bread,coffee,chicken,sugar,,,
cheese,tea,yogurt,cereal,,,
chocolate,chicken,onions,toothpaste,,,
carrots,juice,bananas,,,,
beef,onions,oil,shampoo,,,
coffee,beef,,,,,
sugar,milk,butter,,,,
chicken,toothpaste,cheese,bread,,,
bananas,pasta,chicken,cheese,,,
rice,pepper,cookies,yogurt,potatoes,,
juice,soap,eggs,,,,
yogurt,rice,salt,cookies,bread,tomatoes,eggs
juice,soap,bread,rice,apples,coffee,potatoes
salt,chicken,rice,flour,,,
beef,sugar,cereal,rice,potatoes,shampoo,apples
apples,potatoes,,,,,
beef,oil,tomatoes,sugar,cookies,cereal,
butter,flour,yogurt,milk,cereal,,
toothpaste,chocolate,pasta,,,,
cereal,soap,potatoes,cheese,,,
tomatoes,sugar,juice,chicken,pasta,,
cookies,beef,butter,sugar,pasta,,
cookies,bananas,butter,oil,onions,carrots,chocolate
butter,juice,milk,bananas,tomatoes,eggs,potatoes
yogurt,sugar,toothpaste,pasta,butter,,
tomatoes,flour,yogurt,,,,
oil,pasta,chicken,,,,
milk,salt,rice,flour,,,
rice,bananas,carrots,sugar,butter,bread,
yogurt,oil,bananas,soap,chocolate,,
pasta,eggs,butter,,,,
cheese,salt,shampoo,pepper,apples,toothpaste,sugar
cookies,beef,bananas,eggs,coffee,onions,
cereal,pepper,butter,cookies,bread,yogurt,
oil,cheese,pasta,milk,,,
potatoes,bananas,oil,pasta,toothpaste,coffee,bread
flour,eggs,chocolate,juice,,,
pasta,cookies,,,,,
toothpaste,tea,oil,,,,
chocolate,cereal,butter,milk,,,
oil,shampoo,beef,chocolate,flour,,
bread,chicken,chocolate,cheese,oil,tomatoes,
cheese,cookies,toothpaste,cereal,flour,,
apples,soap,beef,flour,coffee,shampoo,rice
coffee,pasta,bread,sugar,yogurt,,
eggs,apples,flour,bread,,,
milk,sugar,potatoes,toothpaste,flour,cookies,yogurt
coffee,flour,salt,bananas,apples,tea,yogurt
chocolate,cereal,,,,,
beef,juice,butter,tomatoes,chocolate,,
flour,soap,cheese,sugar,cereal,bananas,toothpaste
toothpaste,sugar,cookies,onions,chocolate,tomatoes,
cheese,oil,flour,potatoes,carrots,pepper,
cheese,cereal,,,,,
bananas,yogurt,cereal,carrots,toothpaste,,
oil,butter,tomatoes,rice,pasta,,
bananas,cereal,pepper,,,,
salt,carrots,pasta,beef,potatoes,butter,
tea,toothpaste,onions,,,,
flour,milk,chicken,,,,
carrots,beef,cookies,bananas,cereal,,
flour,cookies,,,,,
pepper,bananas,,,,,
chicken,pepper,pasta,sugar,potatoes,,
coffee,milk,bananas,chocolate,shampoo,yogurt,cereal
chocolate,carrots,cheese,,,,
apples,chicken,,,,,
coffee,potatoes,bananas,,,,
rice,eggs,onions,tea,,,
soap,coffee,eggs,tomatoes,apples,,
shampoo,coffee,juice,toothpaste,chicken,pasta,
bananas,toothpaste,coffee,cookies,cheese,,
yogurt,onions,pepper,,,,
rice,apples,shampoo,milk,bananas,,
yogurt,cheese,toothpaste,butter,sugar,,
pepper,cheese,potatoes,flour,tea,toothpaste,
chocolate,eggs,salt,apples,,,
flour,carrots,beef,pasta,,,
cheese,cereal,toothpaste,sugar,potatoes,eggs,
sugar,cereal,apples,yogurt,potatoes,onions,
tea,toothpaste,tomatoes,,,,
flour,potatoes,soap,,,,
toothpaste,eggs,juice,,,,
sugar,shampoo,salt,pasta,,,
tomatoes,flour,yogurt,toothpaste,onions,chocolate,sugar
bread,pasta,toothpaste,coffee,,,
cookies,onions,tea,chicken,flour,,
milk,butter,rice,,,,
apples,pepper,onions,salt,oil,tomatoes,
potatoes,flour,onions,sugar,,,
pepper,tomatoes,cereal,eggs,soap,shampoo,carrots
apples,pasta,soap,,,,
soap,cookies,tomatoes,,,,
tomatoes,eggs,butter,chocolate,beef,,
juice,bananas,apples,sugar,onions,carrots,cookies
oil,juice,rice,carrots,cookies,,
rice,flour,tomatoes,,,,
potatoes,salt,,,,,
cookies,rice,toothpaste,pasta,oil,chocolate,
salt,juice,milk,onions,cookies,bananas,yogurt
chicken,flour,onions,,,,
chicken,apples,sugar,,,,
oil,eggs,rice,tea,,,
shampoo,tomatoes,potatoes,milk,carrots,,
onions,beef,tomatoes,salt,cookies,,
butter,potatoes,chocolate,cheese,apples,carrots,pasta
butter,eggs,pasta,potatoes,rice,tea,
onions,tomatoes,chicken,tea,,,
apples,tomatoes,soap,shampoo,tea,flour,milk
carrots,pepper,tomatoes,salt,soap,,
toothpaste,milk,carrots,chicken,rice,,
onions,tea,pepper,salt,chicken,oil,apples
chicken,salt,eggs,,,,
cheese,pasta,carrots,cereal,tomatoes,apples,
tea,toothpaste,soap,yogurt,cheese,butter,
tea,pepper,butter,cookies,chocolate,chicken,beef
shampoo,cookies,chocolate,,,,
rice,bread,eggs,potatoes,cereal,pepper,cookies
chocolate,rice,,,,,
chocolate,milk,carrots,cereal,oil,bread,cookies
cereal,carrots,tomatoes,butter,salt,bread,
flour,sugar,butter,eggs,pasta,soap,carrots
eggs,pepper,pasta,,,,
carrots,chocolate,onions,milk,bananas,,
cheese,potatoes,tomatoes,pasta,butter,,
cookies,chocolate,sugar,,,,
toothpaste,sugar,shampoo,chicken,,,
flour,soap,pepper,,,,
cookies,pepper,pasta,toothpaste,,,
salt,beef,sugar,rice,chicken,toothpaste,tomatoes
yogurt,tomatoes,soap,toothpaste,apples,bananas,
butter,soap,,,,,
chicken,coffee,milk,carrots,sugar,chocolate,yogurt
toothpaste,flour,tomatoes,shampoo,juice,yogurt,
onions,oil,cookies,,,,
beef,pepper,salt,bread,,,
tea,salt,coffee,,,,
tomatoes,soap,flour,cheese,toothpaste,,
potatoes,yogurt,onions,flour,,,
chicken,toothpaste,coffee,pasta,tea,sugar,
butter,coffee,bananas,,,,
cheese,butter,carrots,eggs,potatoes,,
flour,juice,,,,,
cheese,tea,coffee,sugar,soap,,
milk,chocolate,flour,bread,salt,butter,cereal
pasta,milk,carrots,onions,,,
eggs,apples,toothpaste,cookies,oil,yogurt,
cereal,chicken,oil,,,,
cereal,coffee,bananas,carrots,juice,,
coffee,onions,cereal,chicken,flour,,
oil,onions,tomatoes,beef,,,
salt,toothpaste,,,,,
bread,soap,cookies,butter,toothpaste,,
pepper,apples,juice,cookies,tea,,
soap,bananas,flour,chocolate,tomatoes,,
carrots,coffee,salt,shampoo,sugar,soap,
chocolate,carrots,bread,milk,butter,juice,
chicken,rice,,,,,
cookies,cereal,potatoes,pasta,shampoo,milk,
coffee,chocolate,onions,bread,pasta,,
milk,yogurt,tea,,,,
cookies,tea,rice,apples,butter,,
pepper,coffee,onions,eggs,cereal,oil,chicken
yogurt,rice,bananas,cereal,,,
flour,carrots,pasta,butter,cereal,juice,tea
juice,eggs,coffee,yogurt,,,
cereal,juice,cheese,,,,
chocolate,bananas,,,,,
yogurt,cereal,rice,beef,,,
juice,pepper,,,,,
sugar,tea,cheese,,,,
juice,sugar,soap,,,,
cookies,eggs,butter,apples,,,
oil,yogurt,cookies,toothpaste,salt,,
coffee,yogurt,beef,,,,
salt,tomatoes,onions,,,,
cheese,chocolate,bananas,tomatoes,bread,,
bread,juice,milk,coffee,potatoes,apples,chicken
bread,oil,,,,,
pasta,chocolate,cereal,,,,
potatoes,coffee,pepper,flour,butter,yogurt,
carrots,toothpaste,apples,milk,potatoes,pepper,butter
butter,apples,salt,juice,coffee,chicken,
yogurt,onions,rice,cheese,oil,sugar,butter
chicken,cereal,bananas,bread,,,
milk,rice,chicken,salt,bananas,,
rice,bread,shampoo,pasta,sugar,chocolate,
oil,salt,cheese,cereal,toothpaste,apples,pasta
bananas,pasta,onions,carrots,yogurt,chocolate,
milk,tomatoes,chicken,oil,onions,beef,tea
oil,salt,toothpaste,apples,chocolate,milk,
sugar,bananas,oil,soap,,,
pepper,sugar,bananas,toothpaste,,,
bananas,beef,,,,,
sugar,bananas,beef,carrots,,,
salt,pepper,chocolate,pasta,eggs,potatoes,rice
soap,apples,pasta,oil,toothpaste,,
salt,potatoes,,,,,
onions,milk,soap,,,,
chocolate,pepper,cookies,tomatoes,tea,bread,
toothpaste,bananas,chocolate,tea,rice,carrots,apples
beef,chocolate,cereal,chicken,rice,bread,apples
salt,carrots,,,,,
apples,toothpaste,cheese,pepper,yogurt,,
cookies,beef,onions,sugar,,,
cheese,tea,,,,,
bread,cheese,,,,,
milk,cookies,salt,carrots,coffee,toothpaste,tea
apples,chocolate,pepper,butter,shampoo,beef,
tomatoes,potatoes,shampoo,chocolate,,,
toothpaste,chocolate,beef,sugar,,,
carrots,apples,pepper,bread,tea,salt,flour
shampoo,toothpaste,onions,cheese,cereal,bananas,
chicken,coffee,beef,eggs,milk,chocolate,rice
milk,cereal,,,,,
pasta,bananas,,,,,
carrots,sugar,bananas,toothpaste,beef,,
potatoes,milk,yogurt,onions,tea,juice,toothpaste
juice,cookies,,,,,
coffee,beef,,,,,
cookies,pasta,yogurt,toothpaste,cheese,onions,
bananas,pepper,eggs,cereal,oil,butter,
pepper,carrots,onions,cereal,chocolate,apples,chicken
chicken,flour,onions,butter,apples,coffee,
pepper,eggs,bread,,,,
tomatoes,pepper,sugar,butter,,,
tea,onions,salt,,,,
coffee,beef,milk,tomatoes,,,
coffee,bread,,,,,
cereal,potatoes,tea,toothpaste,rice,cheese,
carrots,soap,,,,,
oil,chicken,coffee,,,,
chicken,onions,cookies,,,,
cereal,beef,eggs,pasta,,,
bread,sugar,coffee,yogurt,tomatoes,flour,soap
sugar,bananas,chicken,,,,
tomatoes,beef,oil,,,,
tomatoes,beef,,,,,
chicken,shampoo,bananas,salt,pasta,,
butter,salt,sugar,,,,
toothpaste,carrots,onions,tomatoes,tea,,
chicken,rice,beef,coffee,,,
eggs,soap,pasta,rice,flour,chocolate,juice
eggs,shampoo,milk,,,,
carrots,yogurt,cookies,bread,coffee,chicken,
juice,toothpaste,,,,,
flour,bread,sugar,,,,
apples,beef,,,,,
juice,cookies,tomatoes,beef,chicken,apples,
soap,milk,onions,sugar,bananas,yogurt,eggs
cheese,flour,tea,butter,chicken,,
cookies,coffee,tomatoes,soap,oil,,
flour,butter,potatoes,salt,juice,chicken,
cheese,salt,,,,,
chocolate,milk,carrots,,,,
cookies,chocolate,,,,,
beef,apples,salt,,,,
chicken,juice,soap,pasta,,,
butter,beef,onions,coffee,tomatoes,yogurt,
cereal,carrots,milk,chocolate,juice,toothpaste,potatoes
soap,oil,tea,milk,pasta,pepper,
beef,cookies,pasta,butter,,,
chicken,bread,soap,shampoo,cheese,apples,
juice,cookies,cheese,pasta,carrots,,
eggs,flour,chocolate,tomatoes,beef,cereal,bread
beef,onions,butter,soap,,,
apples,cheese,bananas,sugar,,,
carrots,coffee,oil,yogurt,eggs,butter,
pasta,butter,oil,pepper,flour,shampoo,tea
rice,tomatoes,juice,pepper,,,
carrots,salt,pepper,rice,potatoes,,
tomatoes,juice,milk,onions,salt,cookies,
chicken,pepper,eggs,,,,
eggs,tea,chocolate,coffee,cookies,,
shampoo,flour,coffee,eggs,apples,milk,carrots
shampoo,onions,salt,beef,pepper,,
beef,apples,chocolate,chicken,flour,cereal,
apples,flour,,,,,
eggs,soap,milk,cheese,butter,tea,
potatoes,tomatoes,tea,milk,rice,chocolate,salt
tomatoes,tea,pepper,potatoes,juice,milk,
rice,cookies,cereal,soap,potatoes,juice,eggs
butter,cheese,milk,tomatoes,juice,potatoes,
flour,pepper,toothpaste,tea,bananas,,
tea,milk,eggs,pasta,,,
potatoes,yogurt,cheese,,,,
rice,carrots,,,,,
shampoo,pepper,coffee,,,,
bananas,chocolate,,,,,
beef,pepper,toothpaste,,,,
cheese,oil,soap,bread,onions,carrots,
carrots,butter,tomatoes,,,,
juice,rice,milk,chocolate,shampoo,bananas,soap
cookies,chocolate,tomatoes,carrots,,,
yogurt,tea,,,,,
rice,cookies,yogurt,sugar,beef,,
toothpaste,rice,,,,,
beef,soap,salt,carrots,onions,bread,
cookies,toothpaste,,,,,
toothpaste,soap,rice,bread,milk,chicken,oil
carrots,yogurt,pasta,apples,rice,sugar,
pasta,potatoes,bananas,shampoo,milk,toothpaste,
sugar,toothpaste,bananas,cereal,,,
sugar,rice,chicken,tea,apples,shampoo,bananas
cookies,bread,tea,potatoes,soap,,
apples,chicken,flour,chocolate,oil,cookies,butter
potatoes,rice,cheese,butter,,,
oil,sugar,cereal,,,,
tea,onions,pasta,sugar,coffee,cereal,
bananas,cereal,toothpaste,,,,
apples,flour,carrots,onions,chicken,cereal,
eggs,tomatoes,pasta,,,,
potatoes,carrots,,,,,
butter,cookies,potatoes,,,,
butter,yogurt,beef,cookies,cereal,potatoes,pepper
butter,rice,,,,,
juice,oil,pepper,cereal,,,
tea,flour,milk,soap,bananas,,
tea,carrots,,,,,
butter,sugar,salt,apples,onions,potatoes,flour
rice,bread,chicken,,,,
cereal,onions,bread,sugar,,,
eggs,bananas,sugar,cereal,coffee,tomatoes,rice
pasta,chicken,,,,,
oil,tomatoes,tea,sugar,,,
oil,pepper,juice,potatoes,chocolate,rice,flour
oil,bread,sugar,flour,carrots,,
flour,yogurt,sugar,coffee,apples,,
pasta,eggs,shampoo,oil,salt,bread,
pasta,salt,,,,,
tea,butter,,,,,
tomatoes,pasta,coffee,,,,
juice,beef,flour,eggs,tomatoes,,
carrots,eggs,yogurt,,,,
bread,chocolate,,,,,
milk,chocolate,rice,,,,
oil,pasta,toothpaste,butter,sugar,,
potatoes,juice,butter,milk,bananas,,
yogurt,tea,pepper,chocolate,chicken,cereal,
carrots,rice,soap,apples,,,
eggs,shampoo,chicken,,,,
apples,bananas,,,,,
onions,coffee,butter,eggs,sugar,,
milk,sugar,bread,shampoo,cereal,bananas,tea
cookies,tomatoes,butter,bread,beef,,
oil,eggs,chocolate,carrots,potatoes,coffee,
juice,shampoo,eggs,cereal,,,
potatoes,sugar,carrots,bread,chocolate,cheese,butter
onions,pepper,bananas,coffee,tomatoes,salt,
tea,yogurt,bananas,oil,sugar,juice,toothpaste
bananas,eggs,carrots,soap,,,
eggs,milk,rice,flour,,,
chocolate,milk,sugar,coffee,juice,,
cereal,sugar,,,,,
shampoo,butter,,,,,
bread,oil,,,,,
tea,coffee,,,,,
tomatoes,carrots,butter,,,,
toothpaste,onions,flour,rice,,,
rice,beef,juice,chocolate,cheese,pasta,potatoes
onions,bananas,salt,coffee,shampoo,,
soap,tomatoes,bread,chocolate,eggs,coffee,sugar
juice,cheese,butter,tomatoes,bread,,
pasta,juice,yogurt,sugar,,,
bread,sugar,eggs,potatoes,tea,,
pepper,eggs,carrots,,,,
butter,carrots,chocolate,sugar,oil,pasta,
cheese,tomatoes,juice,yogurt,bread,shampoo,toothpaste
beef,coffee,juice,milk,chicken,apples,oil
carrots,oil,,,,,
cheese,tea,butter,flour,rice,bananas,
eggs,chicken,cheese,soap,,,
chocolate,pepper,rice,milk,onions,,
pepper,chicken,carrots,,,,
chicken,shampoo,toothpaste,onions,soap,pasta,
onions,pepper,bread,,,,
soap,chocolate,tea,carrots,,,
oil,onions,tea,beef,pasta,,
toothpaste,juice,eggs,milk,tea,salt,sugar
rice,sugar,coffee,tomatoes,,,
rice,yogurt,juice,apples,flour,tomatoes,
shampoo,sugar,,,,,
potatoes,toothpaste,cookies,milk,,,
bananas,potatoes,pepper,juice,shampoo,tomatoes,rice
rice,toothpaste,oil,chicken,salt,juice,bread
tea,soap,sugar,potatoes,oil,flour,toothpaste
cereal,eggs,,,,,
shampoo,soap,tomatoes,sugar,,,
chocolate,cereal,eggs,apples,potatoes,juice,beef
cheese,bananas,chicken,carrots,juice,tea,salt
cereal,tea,rice,,,,
milk,coffee,flour,,,,
eggs,yogurt,milk,potatoes,tea,tomatoes,sugar
rice,potatoes,bananas,,,,
sugar,pepper,potatoes,chicken,soap,salt,
cheese,cereal,cookies,eggs,,,
rice,juice,tea,cookies,,,
yogurt,oil,onions,rice,chicken,cookies,potatoes
oil,sugar,beef,salt,potatoes,cookies,
coffee,bananas,salt,pasta,butter,carrots,yogurt
salt,soap,pepper,juice,milk,pasta,cereal
pepper,beef,tea,coffee,rice,,
pepper,cereal,butter,cookies,rice,,
juice,chicken,eggs,cookies,,,
shampoo,yogurt,pasta,bread,eggs,,
carrots,flour,,,,,
flour,butter,sugar,,,,
tomatoes,rice,,,,,
carrots,shampoo,chocolate,oil,pepper,sugar,milk
coffee,salt,,,,,
beef,cookies,chocolate,chicken,soap,cereal,
chicken,carrots,juice,bread,,,
shampoo,tea,,,,,
bread,beef,onions,cookies,,,
butter,sugar,pepper,rice,eggs,cheese,
carrots,rice,,,,,
onions,cheese,toothpaste,chocolate,potatoes,,
juice,carrots,,,,,
tea,yogurt,salt,eggs,flour,pepper,
cereal,tea,eggs,pasta,flour,onions,rice
tomatoes,coffee,bread,,,,
chocolate,eggs,pasta,oil,flour,milk,cereal
pasta,beef,milk,cookies,salt,shampoo,
apples,bread,pasta,sugar,juice,bananas,soap
potatoes,oil,onions,chicken,coffee,sugar,chocolate
milk,yogurt,tomatoes,cookies,cereal,oil,
flour,eggs,tea,tomatoes,bananas,juice,
beef,chicken,cheese,soap,,,
beef,pepper,flour,bread,tea,chocolate,oil
cookies,salt,rice,,,,
milk,butter,eggs,bananas,tomatoes,,
cheese,tomatoes,,,,,
shampoo,cookies,pepper,apples,,,
shampoo,yogurt,flour,rice,,,
tomatoes,cheese,butter,rice,beef,cereal,
oil,eggs,,,,,
beef,milk,shampoo,,,,
salt,bread,pasta,shampoo,rice,eggs,
yogurt,toothpaste,,,,,
sugar,tea,butter,shampoo,tomatoes,bananas,eggs
butter,oil,,,,,
oil,flour,milk,carrots,,,
eggs,cookies,sugar,tomatoes,cereal,,
salt,cereal,pasta,soap,carrots,tomatoes,
soap,cereal,onions,sugar,oil,shampoo,bananas
rice,tomatoes,cereal,bananas,butter,coffee,milk
soap,oil,tomatoes,shampoo,cookies,toothpaste,chocolate
apples,juice,chocolate,oil,rice,,
beef,cheese,onions,pasta,yogurt,tomatoes,
cereal,soap,salt,tea,apples,oil,
coffee,cookies,,,,,
coffee,yogurt,oil,,,,
eggs,coffee,apples,flour,milk,,
chocolate,juice,milk,onions,oil,bread,tea
salt,juice,apples,bread,cereal,yogurt,
toothpaste,cereal,rice,onions,shampoo,potatoes,
eggs,pepper,chicken,tomatoes,butter,yogurt,flour
cheese,sugar,coffee,potatoes,,,
butter,eggs,,,,,
cookies,cereal,bananas,oil,milk,chocolate,
tomatoes,cereal,cheese,salt,pepper,coffee,yogurt
pasta,onions,,,,,
soap,pasta,,,,,
milk,rice,,,,,
pasta,tea,chicken,shampoo,pepper,flour,toothpaste
salt,onions,apples,eggs,,,
toothpaste,yogurt,tea,sugar,flour,pasta,
oil,apples,pepper,pasta,butter,,
carrots,coffee,beef,pepper,cereal,yogurt,toothpaste
toothpaste,tea,cereal,bread,beef,potatoes,
tomatoes,carrots,shampoo,toothpaste,eggs,rice,chicken
soap,cereal,bread,chicken,toothpaste,rice,potatoes
rice,sugar,salt,cookies,oil,yogurt,pepper
onions,cookies,potatoes,shampoo,,,
apples,eggs,flour,salt,cereal,chocolate,
salt,beef,bananas,,,,
soap,apples,potatoes,,,,
eggs,bananas,oil,rice,tea,soap,
eggs,salt,,,,,
chicken,onions,cereal,beef,butter,apples,flour
rice,juice,butter,flour,,,
carrots,juice,soap,tea,chicken,sugar,
chicken,onions,eggs,bread,toothpaste,cereal,
cereal,chocolate,onions,eggs,rice,beef,bananas
pepper,shampoo,butter,onions,oil,bread,
oil,butter,cheese,,,,
pasta,coffee,potatoes,,,,
salt,oil,coffee,sugar,rice,,
juice,oil,coffee,potatoes,soap,sugar,
rice,milk,coffee,tomatoes,butter,,
beef,soap,,,,,
salt,beef,apples,butter,tea,,
shampoo,bread,coffee,,,,
flour,cheese,tomatoes,pepper,toothpaste,carrots,
pasta,pepper,flour,eggs,chocolate,carrots,
flour,yogurt,pasta,soap,,,
yogurt,pasta,beef,tomatoes,,,
salt,eggs,cereal,,,,
juice,sugar,onions,salt,chocolate,soap,
bananas,chicken,chocolate,tomatoes,milk,,
cereal,bananas,eggs,pasta,apples,milk,flour
tea,carrots,,,,,
bananas,cereal,bread,soap,butter,,
oil,juice,butter,,,,
bread,cereal,chicken,pepper,shampoo,tea,
toothpaste,oil,tea,bread,,,
shampoo,onions,potatoes,toothpaste,yogurt,butter,salt
potatoes,rice,bananas,pepper,,,
bread,chocolate,pasta,tea,shampoo,,
oil,yogurt,cookies,tomatoes,chicken,cheese,tea
tea,cookies,yogurt,cereal,beef,,
beef,chocolate,toothpaste,chicken,tea,oil,
pepper,beef,,,,,
cereal,pasta,,,,,
tomatoes,coffee,pepper,chocolate,salt,,
beef,oil,chicken,onions,pasta,salt,
beef,tomatoes,pepper,onions,,,
salt,bananas,cheese,carrots,sugar,butter,
potatoes,apples,salt,tomatoes,pasta,toothpaste,shampoo
salt,cheese,,,,,
eggs,flour,milk,oil,,,
onions,cheese,oil,cereal,,,
sugar,chocolate,rice,,,,
chocolate,oil,cereal,soap,eggs,,
potatoes,flour,cheese,apples,sugar,juice,oil
toothpaste,cheese,sugar,,,,
cereal,bananas,,,,,
cereal,milk,cheese,,,,
sugar,cookies,tea,,,,
rice,eggs,tomatoes,cereal,potatoes,pasta,cheese
soap,potatoes,,,,,
carrots,coffee,sugar,butter,eggs,chicken,
chocolate,pasta,eggs,onions,cheese,shampoo,
chicken,soap,onions,cookies,sugar,eggs,
milk,cookies,chocolate,chicken,,,
chocolate,apples,shampoo,juice,rice,,
sugar,tea,carrots,apples,soap,flour,
oil,soap,toothpaste,pasta,carrots,chocolate,
tomatoes,oil,,,,,
soap,tomatoes,chocolate,coffee,shampoo,bread,
rice,coffee,tea,eggs,cereal,cheese,milk
beef,carrots,,,,,
oil,eggs,chocolate,tomatoes,milk,pepper,potatoes
flour,chicken,beef,milk,,,
oil,flour,,,,,
oil,carrots,cookies,potatoes,,,
shampoo,carrots,pepper,toothpaste,oil,,
onions,coffee,apples,yogurt,,,
chocolate,coffee,,,,,
milk,potatoes,oil,,,,
pasta,bread,,,,,
chicken,bread,tea,cheese,potatoes,,
milk,oil,,,,,
cookies,bread,tea,butter,pasta,salt,flour
coffee,cereal,,,,,
butter,oil,potatoes,milk,,,
chocolate,tomatoes,tea,beef,pepper,,
pepper,apples,chicken,bread,butter,cookies,eggs
onions,oil,chicken,bread,potatoes,,
shampoo,pasta,yogurt,tea,rice,,
chocolate,bananas,cheese,chicken,potatoes,tomatoes,shampoo
salt,coffee,toothpaste,tomatoes,juice,eggs,
chocolate,cereal,eggs,,,,
pepper,onions,,,,,
coffee,apples,cheese,onions,salt,shampoo,pepper
onions,potatoes,cereal,,,,
soap,tomatoes,toothpaste,apples,butter,,
rice,cookies,,,,,
chicken,milk,rice,potatoes,,,
pepper,chocolate,tea,chicken,,,
oil,bananas,,,,,
rice,salt,cookies,bananas,,,
apples,tomatoes,,,,,
butter,carrots,,,,,
chocolate,cookies,carrots,beef,toothpaste,coffee,apples
sugar,apples,carrots,,,,
coffee,milk,onions,sugar,,,
chocolate,bread,coffee,oil,,,
tomatoes,juice,onions,,,,
onions,flour,cookies,sugar,chocolate,pasta,milk
pepper,eggs,bread,tomatoes,shampoo,,
tea,yogurt,,,,,
potatoes,eggs,milk,bread,,,
rice,chicken,juice,,,,
salt,carrots,apples,rice,chocolate,,
bananas,shampoo,pepper,beef,juice,potatoes,coffee
coffee,potatoes,yogurt,cookies,rice,chocolate,oil
tea,potatoes,,,,,
coffee,juice,yogurt,flour,cookies,,
chocolate,eggs,juice,tea,shampoo,cheese,
rice,pepper,,,,,
coffee,beef,potatoes,bread,,,
potatoes,salt,butter,tomatoes,,,
potatoes,milk,coffee,butter,,,
cheese,bread,eggs,apples,,,
shampoo,cheese,,,,,
coffee,apples,tea,pasta,cheese,toothpaste,
pepper,eggs,,,,,
yogurt,potatoes,butter,onions,pasta,juice,
chocolate,eggs,milk,,,,
tomatoes,apples,salt,carrots,chocolate,,
juice,cheese,beef,potatoes,tomatoes,rice,flour
beef,carrots,salt,,,,
eggs,juice,apples,cookies,butter,tea,potatoes
milk,yogurt,beef,tea,cookies,,
rice,sugar,,,,,
tea,cereal,,,,,
potatoes,sugar,onions,toothpaste,salt,,
toothpaste,chicken,tea,,,,
milk,cereal,,,,,
potatoes,chocolate,onions,,,,
carrots,cereal,bananas,,,,
rice,butter,bread,pepper,potatoes,,
oil,chicken,milk,apples,,,
sugar,bread,apples,juice,bananas,,
cookies,pasta,rice,bananas,potatoes,,
soap,carrots,tomatoes,,,,
rice,eggs,chicken,bananas,butter,onions,tea
cheese,pasta,tomatoes,,,,
sugar,pepper,chocolate,,,,
rice,flour,shampoo,chicken,,,
butter,chocolate,apples,carrots,,,
tomatoes,flour,bananas,,,,
pasta,apples,bread,,,,
potatoes,pasta,oil,,,,
toothpaste,chicken,salt,potatoes,chocolate,cookies,
apples,butter,sugar,,,,
butter,cheese,coffee,tea,tomatoes,sugar,apples
flour,butter,soap,cheese,,,
oil,rice,juice,cereal,apples,,
soap,bananas,,,,,
tomatoes,bread,,,,,
toothpaste,flour,potatoes,,,,
pepper,cereal,eggs,bananas,,,
chicken,soap,bread,butter,eggs,apples,pepper
cereal,onions,pepper,,,,
rice,sugar,bananas,coffee,chocolate,juice,cookies
tomatoes,cookies,rice,onions,sugar,chocolate,bread
toothpaste,soap,eggs,chocolate,,,
toothpaste,carrots,beef,pasta,pepper,,
chicken,soap,pepper,yogurt,,,
shampoo,chicken,coffee,carrots,sugar,bananas,eggs
chocolate,yogurt,chicken,milk,toothpaste,pepper,bread
bread,potatoes,tomatoes,yogurt,cheese,,
soap,tea,cheese,,,,
chocolate,eggs,coffee,cookies,rice,bananas,
tomatoes,eggs,cheese,apples,coffee,soap,
cheese,pepper,salt,coffee,beef,,
yogurt,cereal,tea,toothpaste,,,
eggs,coffee,milk,oil,beef,cereal,pepper
cereal,sugar,beef,soap,coffee,,
tomatoes,eggs,yogurt,toothpaste,bread,,
bananas,chicken,cookies,onions,shampoo,salt,coffee
sugar,carrots,tea,cookies,toothpaste,chicken,
apples,coffee,chocolate,soap,bread,toothpaste,salt
juice,pasta,chicken,salt,beef,apples,
toothpaste,cereal,,,,,
tomatoes,pepper,butter,salt,cheese,rice,
salt,sugar,pepper,cookies,rice,,
chicken,tomatoes,cookies,cheese,rice,chocolate,bananas
pepper,beef,shampoo,pasta,cheese,cookies,
soap,butter,potatoes,tomatoes,oil,bread,
bread,pasta,apples,potatoes,,,
coffee,tea,eggs,,,,
pepper,milk,cheese,pasta,,,
onions,cereal,bananas,oil,pepper,,
cookies,juice,,,,,
carrots,chocolate,oil,soap,pasta,,
apples,salt,flour,bread,butter,eggs,sugar
pasta,oil,juice,chicken,toothpaste,,
flour,chicken,chocolate,rice,shampoo,milk,carrots
pasta,salt,eggs,oil,juice,tea,pepper
coffee,onions,chicken,flour,,,
butter,coffee,toothpaste,rice,sugar,cereal,cookies
coffee,rice,tomatoes,bananas,toothpaste,,
eggs,pepper,carrots,,,,
carrots,pasta,soap,,,,
coffee,cereal,onions,pepper,pasta,,
chicken,bread,tea,,,,
butter,juice,apples,coffee,,,
cheese,bananas,apples,cereal,pepper,toothpaste,
juice,sugar,,,,,
juice,salt,,,,,
yogurt,tomatoes,onions,pasta,soap,butter,
salt,onions,cereal,potatoes,,,
apples,coffee,beef,milk,onions,,
yogurt,tea,chicken,juice,cereal,,
soap,onions,tomatoes,bananas,salt,toothpaste,cereal
cereal,pasta,oil,milk,,,
eggs,salt,pasta,coffee,chocolate,yogurt,
cheese,apples,,,,,
cheese,chicken,,,,,
shampoo,carrots,,,,,
cookies,shampoo,pasta,chocolate,,,
pasta,cereal,potatoes,,,,
chicken,cheese,,,,,
bananas,flour,shampoo,cheese,yogurt,oil,rice
shampoo,cereal,,,,,
cereal,onions,apples,juice,,,
pepper,yogurt,potatoes,flour,,,
butter,toothpaste,tea,potatoes,pepper,,
beef,coffee,cookies,tomatoes,cereal,milk,
bread,coffee,toothpaste,shampoo,,,
chicken,onions,sugar,cereal,oil,milk,
flour,onions,eggs,,,,
rice,beef,carrots,,,,
flour,carrots,bread,toothpaste,apples,salt,
cheese,potatoes,eggs,,,,
carrots,cheese,cookies,salt,beef,soap,toothpaste
flour,soap,pepper,cereal,chicken,,
beef,bananas,toothpaste,cookies,carrots,soap,yogurt
apples,cheese,,,,,
cheese,cereal,,,,,
flour,oil,coffee,butter,,,
carrots,soap,,,,,
potatoes,butter,cereal,rice,carrots,,
chicken,flour,,,,,
toothpaste,salt,soap,,,,
yogurt,cookies,eggs,juice,,,
potatoes,flour,apples,cookies,cereal,bread,
pasta,apples,potatoes,cereal,milk,sugar,
rice,carrots,,,,,
salt,soap,oil,,,,
pepper,beef,cookies,coffee,tea,rice,
beef,soap,,,,,
salt,cheese,beef,tea,pepper,apples,eggs
potatoes,beef,salt,cereal,juice,yogurt,
salt,oil,onions,cheese,,,
flour,yogurt,cereal,,,,
potatoes,rice,tea,onions,tomatoes,pasta,coffee
soap,yogurt,potatoes,butter,chicken,rice,bananas
chicken,apples,onions,soap,,,
onions,soap,tea,beef,,,
onions,potatoes,toothpaste,tea,,,
cereal,bread,,,,,
oil,eggs,shampoo,,,,
apples,juice,sugar,coffee,,,
carrots,beef,oil,flour,pasta,,
onions,coffee,cereal,shampoo,carrots,cookies,
yogurt,apples,,,,,
eggs,chicken,,,,,
bread,tea,pepper,apples,cheese,cereal,oil
potatoes,flour,onions,,,,
butter,cookies,bread,juice,rice,,
shampoo,soap,coffee,flour,juice,chicken,
beef,juice,rice,oil,bread,,
salt,pepper,rice,onions,,,
coffee,potatoes,cereal,beef,carrots,cheese,
salt,bread,cereal,eggs,,,
juice,chicken,,,,,
cookies,juice,shampoo,bread,potatoes,tea,salt
milk,pepper,pasta,bananas,,,
sugar,bread,cheese,chocolate,soap,,
onions,apples,chocolate,milk,chicken,butter,cereal
tomatoes,butter,onions,tea,cereal,,
eggs,carrots,rice,,,,
onions,bananas,coffee,yogurt,,,
flour,cookies,tomatoes,bread,,,
yogurt,bread,milk,tomatoes,,,
coffee,bananas,,,,,
coffee,salt,rice,,,,
yogurt,butter,,,,,
apples,tomatoes,pasta,bread,salt,,
cheese,tea,bread,beef,yogurt,,
chicken,bread,toothpaste,bananas,cereal,tomatoes,
beef,carrots,soap,,,,
cookies,juice,pasta,,,,
oil,chocolate,tea,pasta,bread,coffee,
apples,milk,beef,pasta,juice,sugar,coffee
yogurt,soap,milk,oil,tea,,
toothpaste,cereal,milk,shampoo,carrots,,
bread,salt,oil,,,,
toothpaste,bread,cookies,sugar,beef,,
butter,yogurt,cereal,pepper,sugar,pasta,rice
eggs,bread,rice,tea,beef,salt,
cereal,chocolate,shampoo,toothpaste,bananas,,
pasta,oil,bananas,onions,,,
flour,juice,shampoo,,,,
tea,cheese,,,,,
apples,salt,cereal,chicken,beef,yogurt,
apples,soap,,,,,
potatoes,sugar,toothpaste,pepper,cheese,,
cereal,chicken,milk,eggs,,,
pasta,chicken,salt,,,,
milk,pepper,beef,tomatoes,pasta,juice,
tea,salt,,,,,
bread,bananas,,,,,
potatoes,pasta,salt,yogurt,,,
coffee,butter,eggs,toothpaste,,,
soap,oil,yogurt,rice,juice,onions,cookies
potatoes,oil,juice,yogurt,shampoo,apples,
chicken,rice,,,,,
salt,eggs,apples,chocolate,bananas,carrots,
cereal,tomatoes,pasta,salt,beef,milk,
cereal,oil,bananas,chocolate,coffee,cheese,salt
milk,cookies,bread,cheese,pepper,,
toothpaste,carrots,,,,,
sugar,bread,,,,,
tomatoes,cookies,pepper,,,,
carrots,milk,toothpaste,eggs,cookies,tomatoes,
rice,milk,sugar,salt,,,
beef,cheese,rice,pepper,,,
potatoes,toothpaste,eggs,salt,apples,onions,
soap,chicken,onions,bananas,toothpaste,potatoes,eggs
pepper,juice,onions,apples,,,
yogurt,oil,eggs,flour,,,
cheese,pasta,juice,milk,chicken,rice,
cookies,butter,shampoo,cereal,rice,,
bread,soap,juice,apples,,,
chicken,milk,bananas,carrots,pepper,,
chocolate,cheese,eggs,milk,sugar,tomatoes,rice
onions,tea,salt,butter,apples,chocolate,
pasta,cookies,beef,chocolate,toothpaste,onions,rice
chicken,shampoo,carrots,oil,apples,tea,
rice,butter,,,,,
soap,sugar,milk,,,,
sugar,juice,bread,,,,
toothpaste,flour,oil,shampoo,,,
apples,oil,pepper,coffee,rice,eggs,
toothpaste,pepper,bananas,yogurt,bread,soap,potatoes
carrots,chocolate,pasta,,,,
juice,milk,cookies,cheese,carrots,,
cereal,sugar,soap,flour,toothpaste,onions,
carrots,milk,apples,eggs,onions,salt,
oil,tea,,,,,
bread,juice,coffee,chicken,tea,tomatoes,eggs
beef,sugar,butter,potatoes,apples,,
rice,shampoo,soap,apples,cheese,pasta,
rice,tomatoes,oil,cereal,potatoes,sugar,
cookies,potatoes,cereal,toothpaste,flour,carrots,
carrots,chocolate,cookies,,,,
pasta,potatoes,tomatoes,,,,
cookies,onions,juice,toothpaste,chocolate,,
sugar,bread,salt,toothpaste,,,
chocolate,potatoes,,,,,
salt,bananas,yogurt,cereal,,,
butter,cereal,cheese,,,,
cereal,pepper,onions,coffee,carrots,,
tea,butter,potatoes,milk,pasta,,
salt,tomatoes,beef,butter,cereal,juice,cheese
shampoo,yogurt,coffee,rice,butter,bread,
bananas,cheese,,,,,
sugar,bread,bananas,apples,milk,,
pasta,pepper,salt,toothpaste,tomatoes,potatoes,
chocolate,beef,tea,coffee,yogurt,carrots,tomatoes
pasta,cookies,apples,cheese,,,
chicken,juice,,,,,
tomatoes,shampoo,rice,beef,chicken,,
eggs,tea,potatoes,yogurt,cheese,cereal,onions
salt,bananas,potatoes,cereal,tea,juice,
salt,chicken,oil,beef,chocolate,flour,cheese
carrots,tea,oil,coffee,,,
eggs,yogurt,chocolate,tomatoes,carrots,oil,salt
juice,tomatoes,chicken,,,,
apples,toothpaste,soap,pepper,,,
apples,butter,,,,,
beef,potatoes,chicken,flour,onions,,
chocolate,beef,potatoes,tea,salt,juice,
butter,onions,,,,,
shampoo,tea,,,,,
soap,rice,eggs,chicken,pepper,beef,
onions,tea,cereal,pepper,apples,eggs,butter
oil,cereal,tomatoes,cookies,,,
coffee,oil,tea,cereal,,,
potatoes,beef,bread,,,,
salt,cheese,carrots,tomatoes,toothpaste,milk,eggs
eggs,apples,carrots,pasta,rice,,
pepper,oil,coffee,onions,cereal,,
apples,oil,sugar,tomatoes,,,
shampoo,cheese,beef,,,,
rice,oil,salt,pepper,potatoes,pasta,
soap,pasta,shampoo,beef,,,
toothpaste,coffee,cereal,potatoes,flour,butter,
oil,tomatoes,,,,,
soap,toothpaste,bread,,,,
soap,chocolate,pasta,,,,
cheese,bananas,oil,cereal,,,
oil,cookies,eggs,pepper,butter,soap,beef
soap,coffee,apples,potatoes,beef,chicken,
pasta,flour,rice,,,,
juice,beef,yogurt,cheese,pepper,,
yogurt,carrots,bananas,,,,
pepper,cookies,cheese,apples,yogurt,,
yogurt,potatoes,butter,,,,
apples,shampoo,tea,bread,,,
coffee,carrots,butter,toothpaste,beef,,
pepper,oil,bread,shampoo,toothpaste,cereal,
tomatoes,cheese,bananas,,,,
chicken,onions,beef,shampoo,tea,oil,
bread,juice,eggs,carrots,flour,salt,
salt,apples,pasta,chocolate,potatoes,,
cookies,apples,oil,,,,
toothpaste,pepper,onions,beef,cereal,carrots,
cookies,sugar,pepper,,,,
carrots,rice,cookies,salt,bananas,,
salt,onions,pasta,,,,
juice,cookies,potatoes,milk,tomatoes,cheese,butter
cheese,beef,apples,carrots,chocolate,pasta,chicken
rice,oil,bread,potatoes,cereal,,
yogurt,flour,sugar,pasta,,,
oil,onions,shampoo,cereal,cookies,bread,beef
coffee,cookies,juice,chicken,pasta,beef,cereal
apples,eggs,sugar,cheese,bread,cookies,
bananas,beef,sugar,chocolate,carrots,rice,cereal
cereal,flour,cheese,coffee,tomatoes,,
oil,juice,pasta,sugar,,,
yogurt,potatoes,,,,,
sugar,oil,milk,,,,
pepper,carrots,sugar,eggs,yogurt,shampoo,
coffee,juice,salt,,,,
butter,sugar,potatoes,oil,,,
oil,milk,chicken,cookies,potatoes,cheese,eggs
beef,rice,potatoes,juice,milk,,
bread,coffee,apples,cheese,yogurt,tomatoes,
apples,tomatoes,butter,toothpaste,,,
apples,coffee,,,,,
shampoo,cookies,pasta,juice,,,
eggs,soap,oil,juice,,,
cookies,flour,salt,pepper,rice,juice,eggs
beef,yogurt,apples,tomatoes,cereal,,
sugar,coffee,bread,,,,
apples,pasta,tea,,,,
juice,bread,bananas,cookies,salt,butter,
milk,salt,carrots,potatoes,cheese,pepper,beef
rice,cheese,potatoes,flour,coffee,,
toothpaste,pasta,pepper,apples,shampoo,chocolate,
bread,carrots,apples,oil,cereal,tea,tomatoes
cookies,butter,bananas,sugar,potatoes,carrots,
potatoes,rice,coffee,yogurt,,,
salt,sugar,cereal,tea,,,
bananas,eggs,juice,,,,
toothpaste,coffee,oil,,,,
oil,coffee,cookies,,,,
tomatoes,cookies,soap,,,,
tea,butter,juice,toothpaste,,,
pasta,chocolate,cookies,butter,salt,tea,apples
cereal,chicken,soap,cookies,carrots,bananas,butter
tomatoes,bananas,toothpaste,juice,,,
apples,bread,onions,,,,
milk,coffee,,,,,
flour,soap,,,,,
chocolate,apples,pepper,carrots,juice,chicken,toothpaste
bananas,oil,shampoo,coffee,milk,soap,yogurt
oil,juice,shampoo,butter,salt,sugar,apples
coffee,toothpaste,shampoo,carrots,butter,cheese,
rice,tomatoes,carrots,cereal,pepper,,
cookies,apples,pasta,tea,oil,coffee,eggs
soap,toothpaste,onions,,,,
eggs,tea,onions,,,,
pasta,cheese,,,,,
tomatoes,tea,milk,,,,
bananas,cheese,pasta,,,,
yogurt,flour,potatoes,rice,coffee,,
rice,soap,apples,eggs,,,
chocolate,pepper,rice,,,,
yogurt,eggs,beef,,,,
yogurt,apples,bread,milk,cheese,,
soap,onions,,,,,
butter,coffee,shampoo,toothpaste,tomatoes,oil,chocolate
rice,bananas,juice,tomatoes,carrots,oil,apples
chocolate,shampoo,pepper,salt,,,
bananas,shampoo,pasta,tomatoes,sugar,salt,
pasta,cookies,,,,,
yogurt,eggs,sugar,tea,rice,toothpaste,shampoo
flour,eggs,onions,,,,
chicken,butter,chocolate,,,,
bananas,pepper,chicken,pasta,rice,tomatoes,butter
soap,rice,,,,,
salt,butter,flour,soap,,,
coffee,apples,flour,,,,
pasta,cheese,beef,bananas,coffee,,
tea,bread,,,,,
cheese,bananas,soap,,,,
coffee,tea,oil,flour,apples,shampoo,
pepper,flour,soap,,,,
cereal,chocolate,tomatoes,chicken,cookies,pasta,
flour,sugar,bananas,,,,
rice,juice,cheese,beef,sugar,,
cheese,apples,tea,pasta,bread,butter,cookies
soap,cheese,pepper,onions,bananas,rice,
tea,beef,chicken,,,,
milk,chocolate,coffee,cheese,,,
onions,cookies,chicken,eggs,bread,,
chocolate,bread,butter,,,,
shampoo,salt,chocolate,apples,,,
chicken,onions,chocolate,beef,cheese,tomatoes,salt
eggs,soap,,,,,
tea,cereal,beef,salt,pepper,,
cookies,beef,bananas,flour,tea,tomatoes,chocolate
salt,bananas,cereal,,,,
beef,cereal,potatoes,,,,
eggs,milk,,,,,
pasta,coffee,soap,milk,chocolate,,
tea,apples,rice,,,,
tomatoes,apples,salt,sugar,tea,potatoes,eggs
butter,shampoo,beef,pasta,apples,toothpaste,
juice,chocolate,milk,apples,carrots,,
oil,coffee,tea,,,,
flour,cereal,toothpaste,milk,cookies,bread,chocolate
sugar,tea,bread,oil,juice,,
cookies,chicken,,,,,
shampoo,tea,soap,,,,
coffee,potatoes,soap,,,,
chicken,salt,bananas,chocolate,flour,pepper,
pepper,sugar,soap,salt,bananas,pasta,
butter,pasta,carrots,cereal,shampoo,,
pasta,tomatoes,chicken,,,,
bananas,sugar,bread,coffee,,,
sugar,butter,chocolate,coffee,flour,apples,eggs
coffee,yogurt,tomatoes,chicken,cheese,,
sugar,rice,milk,cereal,butter,flour,beef
cookies,bread,bananas,beef,,,
toothpaste,beef,tea,onions,bread,shampoo,
sugar,beef,,,,,
cheese,butter,eggs,cereal,chicken,soap,milk
pasta,bananas,cheese,,,,
cheese,salt,flour,carrots,beef,,
bread,sugar,rice,flour,cookies,chicken,
rice,chocolate,bread,butter,cookies,,
beef,chocolate,,,,,
onions,carrots,oil,sugar,,,
onions,bread,coffee,milk,pepper,chicken,salt
chocolate,sugar,potatoes,coffee,,,
cheese,flour,,,,,
tomatoes,toothpaste,,,,,
juice,chocolate,rice,shampoo,,,
cookies,pasta,,,,,
cereal,butter,oil,pepper,beef,tea,cookies
sugar,bananas,beef,,,,
milk,cheese,toothpaste,chocolate,pepper,flour,carrots
carrots,soap,chocolate,bread,rice,shampoo,pepper
tomatoes,pepper,chocolate,cookies,beef,bread,
carrots,beef,cereal,rice,oil,apples,
flour,carrots,toothpaste,,,,
toothpaste,coffee,bread,potatoes,,,
pasta,bread,beef,juice,,,
cereal,beef,pepper,cheese,,,
coffee,yogurt,,,,,
cookies,shampoo,carrots,soap,coffee,,
tomatoes,milk,,,,,
milk,flour,bread,beef,,,
juice,pasta,shampoo,,,,
bread,carrots,cookies,,,,
coffee,juice,,,,,
chocolate,milk,chicken,tomatoes,bread,oil,
juice,onions,,,,,
pepper,milk,tea,carrots,salt,cheese,
cheese,flour,,,,,
tomatoes,juice,onions,cookies,chicken,coffee,
pepper,carrots,,,,,
tomatoes,toothpaste,chocolate,carrots,,,
milk,sugar,butter,salt,flour,apples,
bananas,butter,soap,cookies,,,
bread,cereal,pasta,,,,
chicken,oil,rice,bananas,cheese,sugar,
flour,salt,,,,,
carrots,cereal,cheese,chocolate,soap,salt,
yogurt,beef,juice,flour,eggs,pepper,toothpaste
salt,flour,carrots,,,,
cereal,butter,toothpaste,tea,pepper,carrots,
yogurt,shampoo,cookies,chocolate,milk,,
soap,salt,beef,juice,onions,pasta,
tomatoes,flour,rice,salt,carrots,,
sugar,apples,flour,pepper,coffee,cookies,cheese
onions,tomatoes,carrots,cereal,,,
oil,flour,potatoes,juice,,,
rice,shampoo,cheese,juice,sugar,,
bread,onions,,,,,
tea,cheese,pepper,butter,carrots,cereal,
sugar,cookies,coffee,cereal,eggs,,
coffee,chocolate,eggs,carrots,cereal,,
soap,pasta,yogurt,cereal,coffee,bread,tomatoes
potatoes,apples,flour,beef,milk,chicken,bananas
tomatoes,flour,,,,,
bananas,yogurt,pepper,oil,eggs,,
chocolate,flour,bread,onions,cereal,chicken,shampoo
potatoes,tea,,,,,
oil,coffee,cheese,,,,
milk,potatoes,pasta,butter,,,
milk,toothpaste,tomatoes,,,,
chicken,milk,chocolate,pepper,toothpaste,eggs,
butter,apples,,,,,
flour,toothpaste,tea,oil,shampoo,pasta,carrots
cheese,cookies,tomatoes,,,,
juice,beef,onions,milk,tomatoes,chocolate,
shampoo,soap,chicken,sugar,milk,yogurt,
tomatoes,salt,apples,,,,
oil,juice,cheese,flour,cookies,beef,
pasta,oil,,,,,
beef,soap,tea,chicken,cookies,rice,
salt,bread,pepper,eggs,,,
onions,yogurt,flour,pepper,toothpaste,sugar,
tea,flour,pepper,,,,
beef,sugar,eggs,bananas,soap,juice,
bananas,eggs,shampoo,apples,,,
juice,toothpaste,bread,chocolate,tea,cheese,
pepper,shampoo,pasta,eggs,,,
juice,milk,rice,,,,
juice,pasta,milk,,,,
bread,cereal,,,,,
tea,apples,onions,chicken,,,
eggs,chicken,tomatoes,potatoes,sugar,cheese,onions
toothpaste,carrots,pepper,eggs,onions,,
milk,cookies,pasta,oil,salt,toothpaste,cereal
juice,cheese,rice,,,,
yogurt,tomatoes,milk,,,,
onions,soap,cheese,chicken,sugar,,
soap,eggs,,,,,
carrots,chocolate,sugar,pasta,cheese,,
tea,oil,chicken,soap,chocolate,shampoo,
cheese,shampoo,pasta,cereal,cookies,,
carrots,flour,shampoo,soap,tomatoes,,
pepper,tea,oil,cheese,soap,shampoo,
tomatoes,oil,soap,salt,toothpaste,rice,
shampoo,milk,eggs,potatoes,beef,bread,
beef,rice,soap,yogurt,,,
flour,shampoo,onions,cereal,sugar,,
eggs,apples,oil,carrots,cheese,butter,cookies
pasta,bread,,,,,
pepper,flour,tomatoes,pasta,rice,,
milk,chicken,pepper,flour,bread,pasta,potatoes
pasta,beef,milk,apples,coffee,,
tomatoes,cookies,shampoo,coffee,,,
bread,flour,toothpaste,,,,
tomatoes,cheese,,,,,
rice,bananas,shampoo,flour,salt,carrots,
bread,butter,soap,bananas,,,
bread,coffee,chicken,flour,oil,,
onions,coffee,flour,chicken,toothpaste,,
milk,salt,cereal,butter,pasta,,
apples,cereal,toothpaste,oil,,,
cookies,chicken,,,,,
bananas,rice,,,,,
bread,cookies,juice,apples,oil,,
cereal,cookies,,,,,
onions,chicken,potatoes,shampoo,soap,sugar,flour
chocolate,toothpaste,,,,,
oil,butter,pepper,cookies,potatoes,juice,
salt,eggs,cheese,tea,,,
chicken,beef,onions,salt,,,
rice,salt,,,,,
pepper,coffee,tea,rice,yogurt,,
pasta,carrots,sugar,apples,cereal,coffee,bananas
beef,soap,pepper,sugar,cereal,toothpaste,
pasta,apples,coffee,chocolate,,,
cookies,yogurt,oil,bread,pasta,,
soap,butter,toothpaste,cheese,rice,,
apples,butter,coffee,bread,cookies,,
pasta,eggs,cookies,butter,sugar,,
salt,yogurt,tea,carrots,beef,,
cereal,cookies,flour,salt,tomatoes,,
chicken,toothpaste,onions,rice,soap,carrots,
shampoo,juice,milk,yogurt,rice,potatoes,
yogurt,onions,bananas,soap,tea,rice,potatoes
toothpaste,tea,,,,,
onions,tea,coffee,,,,
salt,flour,apples,beef,cookies,tea,pasta
cereal,shampoo,pasta,toothpaste,,,
sugar,toothpaste,flour,,,,
milk,chicken,cheese,yogurt,,,
shampoo,soap,juice,tomatoes,,,
pasta,shampoo,tomatoes,salt,rice,soap,
yogurt,tea,,,,,
potatoes,cheese,,,,,
sugar,carrots,,,,,
toothpaste,juice,shampoo,sugar,potatoes,cookies,
soap,bread,butter,sugar,juice,rice,toothpaste
coffee,carrots,toothpaste,,,,
shampoo,chocolate,toothpaste,,,,
onions,juice,,,,,
apples,shampoo,flour,sugar,,,
potatoes,eggs,tomatoes,chocolate,bread,yogurt,cereal
chocolate,pepper,,,,,
pasta,butter,,,,,
tomatoes,oil,,,,,
rice,sugar,pasta,flour,chocolate,,
butter,carrots,coffee,,,,
milk,apples,,,,,
oil,bread,shampoo,carrots,cheese,coffee,milk
onions,apples,tea,soap,tomatoes,oil,
tomatoes,eggs,bread,beef,oil,butter,
tomatoes,eggs,yogurt,,,,
tea,chicken,cookies,carrots,oil,,
salt,milk,,,,,
onions,tomatoes,milk,apples,juice,salt,
rice,eggs,cheese,tomatoes,tea,,
oil,coffee,potatoes,bread,,,
beef,onions,,,,,
pepper,soap,shampoo,tomatoes,flour,chicken,
flour,tomatoes,chicken,,,,
juice,oil,potatoes,,,,
flour,onions,bananas,tea,salt,cheese,pepper
butter,coffee,rice,,,,
pasta,tomatoes,,,,,
salt,soap,sugar,,,,
yogurt,cheese,chocolate,chicken,pasta,toothpaste,
cheese,potatoes,cereal,bananas,apples,chocolate,
chocolate,beef,,,,,
onions,butter,bananas,milk,pasta,shampoo,eggs
shampoo,juice,cereal,potatoes,flour,pasta,eggs
juice,butter,chocolate,,,,
butter,eggs,potatoes,coffee,cookies,shampoo,pepper
toothpaste,potatoes,pepper,pasta,chocolate,bread,shampoo
cookies,cheese,milk,juice,soap,,
coffee,pasta,soap,flour,,,
milk,cookies,bread,sugar,cheese,pepper,
tomatoes,flour,cheese,coffee,chicken,,
pepper,apples,coffee,carrots,pasta,soap,
bananas,beef,toothpaste,,,,
cheese,eggs,coffee,onions,shampoo,oil,
tomatoes,chicken,milk,tea,onions,,
oil,pasta,butter,,,,
juice,eggs,,,,,
rice,sugar,tomatoes,salt,coffee,toothpaste,soap
pepper,chocolate,,,,,
beef,pasta,,,,,
milk,potatoes,shampoo,tea,butter,,
soap,milk,,,,,
potatoes,salt,pepper,pasta,beef,cereal,tomatoes
bread,milk,shampoo,chicken,salt,cheese,
pasta,yogurt,flour,,,,
cereal,eggs,bananas,cheese,soap,,
yogurt,cookies,carrots,beef,,,
rice,apples,toothpaste,onions,pepper,butter,eggs
oil,bread,milk,bananas,cheese,cereal,
potatoes,apples,pasta,tomatoes,flour,,
toothpaste,apples,oil,tea,,,
bread,tea,potatoes,soap,yogurt,cheese,
milk,beef,salt,cereal,soap,yogurt,
carrots,tomatoes,oil,juice,milk,coffee,
soap,tea,flour,milk,rice,bread,juice
tea,juice,yogurt,,,,
butter,salt,bananas,,,,
bananas,butter,,,,,
yogurt,chocolate,cookies,,,,
bread,beef,bananas,tea,,,
cereal,yogurt,onions,apples,beef,,
cereal,chicken,coffee,salt,,,
toothpaste,shampoo,butter,bananas,soap,tea,milk
pepper,onions,,,,,
yogurt,carrots,,,,,
cheese,chicken,,,,,
chocolate,coffee,oil,bananas,cheese,tea,pepper
eggs,chocolate,pepper,bread,chicken,toothpaste,pasta
potatoes,soap,beef,bananas,,,
pepper,soap,beef,onions,sugar,,
coffee,chocolate,milk,bread,salt,beef,onions
flour,oil,soap,onions,tea,,
juice,onions,yogurt,bananas,soap,,
pasta,sugar,tea,toothpaste,bread,salt,eggs
cookies,toothpaste,salt,chicken,soap,apples,coffee
soap,juice,coffee,onions,carrots,,
chicken,toothpaste,juice,rice,,,
potatoes,salt,carrots,cheese,flour,cookies,juice
apples,beef,soap,toothpaste,chocolate,milk,oil
pasta,cookies,flour,cheese,,,
bananas,sugar,toothpaste,,,,
potatoes,tomatoes,soap,,,,
butter,soap,pepper,oil,shampoo,,
carrots,onions,,,,,
carrots,tea,beef,salt,apples,,
beef,soap,onions,coffee,potatoes,,
onions,yogurt,carrots,eggs,salt,pepper,
pepper,rice,cheese,,,,
cookies,pepper,chocolate,sugar,pasta,,
cheese,bananas,chocolate,flour,tomatoes,sugar,
milk,sugar,bread,pasta,,,
potatoes,toothpaste,soap,cheese,onions,oil,
juice,beef,,,,,
cookies,rice,chocolate,carrots,,,
apples,juice,oil,cookies,potatoes,chicken,
yogurt,chocolate,,,,,
salt,butter,rice,,,,
shampoo,apples,carrots,cheese,,,
butter,tea,chicken,salt,potatoes,,
soap,beef,milk,potatoes,eggs,,
toothpaste,carrots,bananas,sugar,chicken,cereal,
chocolate,butter,rice,yogurt,,,
bread,milk,eggs,coffee,pasta,potatoes,
cheese,toothpaste,bananas,carrots,,,
onions,yogurt,,,,,
onions,chocolate,salt,rice,,,
cookies,cereal,onions,beef,,,
sugar,carrots,juice,chicken,,,
beef,carrots,coffee,soap,onions,,
flour,toothpaste,yogurt,chocolate,carrots,,
cookies,chocolate,carrots,,,,
flour,salt,tea,apples,chicken,,
salt,onions,soap,milk,bread,yogurt,pepper
pepper,flour,cheese,coffee,rice,,
salt,apples,shampoo,yogurt,eggs,potatoes,
soap,cereal,oil,,,,
coffee,cereal,,,,,
carrots,chocolate,butter,bananas,tomatoes,,
rice,bread,tea,carrots,cereal,,
butter,cheese,sugar,apples,beef,,
milk,pepper,chicken,toothpaste,oil,bread,tea
flour,potatoes,carrots,tomatoes,juice,cereal,sugar
soap,bananas,oil,chocolate,carrots,shampoo,flour
tomatoes,salt,oil,bananas,,,
juice,bread,pasta,chocolate,pepper,,
beef,carrots,shampoo,bread,bananas,juice,
chocolate,milk,sugar,butter,tomatoes,chicken,beef
carrots,shampoo,,,,,
potatoes,tomatoes,carrots,cereal,oil,,
coffee,carrots,tomatoes,beef,tea,,
yogurt,rice,juice,chocolate,cheese,chicken,tomatoes
eggs,bananas,cereal,yogurt,,,
flour,onions,salt,,,,
bananas,sugar,,,,,
chicken,onions,pasta,,,,
tea,pepper,cheese,toothpaste,oil,shampoo,milk
pepper,coffee,beef,bananas,juice,rice,tomatoes
rice,coffee,apples,tea,beef,carrots,potatoes
carrots,apples,yogurt,potatoes,flour,,
chocolate,eggs,coffee,bread,apples,,
yogurt,soap,,,,,
oil,cookies,chocolate,butter,potatoes,,
tomatoes,cookies,cereal,oil,toothpaste,cheese,
bread,rice,shampoo,pepper,cereal,,
juice,milk,sugar,eggs,onions,,
milk,chocolate,bananas,tomatoes,potatoes,carrots,shampoo
cheese,tea,sugar,oil,,,
carrots,milk,yogurt,,,,
sugar,soap,cereal,,,,
sugar,carrots,eggs,onions,milk,,
flour,shampoo,pepper,potatoes,cookies,,
bread,shampoo,pepper,soap,potatoes,,
potatoes,chocolate,,,,,
cereal,shampoo,salt,apples,,,
rice,soap,bread,,,,
salt,bananas,cookies,tomatoes,,,
chocolate,tea,bread,,,,
toothpaste,flour,oil,salt,bread,coffee,
eggs,pepper,beef,toothpaste,,,
tea,cereal,beef,bananas,carrots,,
salt,bread,,,,,
coffee,onions,pepper,cereal,milk,yogurt,
potatoes,bananas,chicken,yogurt,pasta,toothpaste,soap
potatoes,bread,beef,juice,cheese,flour,
butter,cookies,salt,eggs,juice,bananas,bread
juice,oil,pepper,butter,flour,,
onions,apples,rice,shampoo,,,
bananas,cheese,rice,sugar,,,
cereal,chocolate,butter,potatoes,eggs,cheese,milk
milk,chocolate,,,,,
bread,tea,,,,,
tea,coffee,,,,,
tomatoes,bread,sugar,cheese,salt,potatoes,
pasta,tomatoes,tea,beef,flour,bananas,
eggs,soap,tomatoes,toothpaste,apples,tea,salt
flour,milk,toothpaste,,,,
chicken,cheese,potatoes,eggs,bananas,carrots,oil
yogurt,bread,butter,cheese,,,
butter,salt,milk,apples,,,
shampoo,chocolate,pepper,pasta,flour,milk,eggs
flour,tea,butter,potatoes,,,
chicken,butter,,,,,
flour,cookies,juice,milk,tea,cheese,shampoo
potatoes,sugar,pasta,cookies,tomatoes,milk,
tea,cereal,potatoes,onions,bread,cheese,
rice,salt,carrots,yogurt,chocolate,coffee,toothpaste
yogurt,oil,cereal,salt,butter,,
milk,pepper,juice,salt,chocolate,cookies,apples
chicken,pepper,soap,,,,
cheese,milk,pasta,sugar,,,
coffee,shampoo,butter,bananas,,,
cereal,beef,onions,yogurt,toothpaste,sugar,chicken
salt,carrots,toothpaste,,,,
salt,flour,shampoo,,,,
chocolate,pasta,cheese,coffee,,,
flour,yogurt,,,,,
cereal,butter,cheese,pepper,chocolate,flour,bananas
chicken,cereal,yogurt,tea,,,
juice,sugar,bread,cheese,toothpaste,yogurt,onions
coffee,pepper,yogurt,tea,apples,toothpaste,chocolate
rice,shampoo,,,,,
eggs,cereal,pepper,beef,bananas,,
beef,bread,,,,,
beef,pasta,milk,bread,,,
apples,bread,oil,chocolate,,,
bread,pasta,,,,,
coffee,carrots,juice,bread,,,
cookies,toothpaste,oil,sugar,,,
sugar,flour,chicken,butter,beef,milk,tomatoes
potatoes,oil,bread,,,,
soap,bread,tomatoes,pasta,cheese,,
sugar,cheese,cereal,butter,onions,,
bread,flour,juice,carrots,,,
juice,pepper,sugar,tomatoes,tea,,
pasta,rice,cereal,carrots,,,
soap,yogurt,pepper,oil,bread,beef,
cheese,pepper,flour,coffee,bananas,,
tea,tomatoes,eggs,pepper,potatoes,,
toothpaste,flour,milk,tomatoes,potatoes,eggs,juice
tea,apples,chicken,cereal,,,
yogurt,salt,carrots,oil,,,
chocolate,onions,tomatoes,cookies,coffee,soap,tea
bananas,apples,toothpaste,tomatoes,yogurt,milk,juice
juice,potatoes,onions,soap,carrots,bananas,
chicken,cereal,bananas,oil,butter,bread,
coffee,pepper,,,,,
apples,coffee,salt,,,,
sugar,beef,coffee,tea,flour,juice,soap
butter,oil,,,,,
onions,yogurt,tea,milk,apples,eggs,
beef,bread,,,,,
yogurt,pepper,juice,chocolate,rice,,
tomatoes,sugar,oil,bread,,,
tea,rice,,,,,
eggs,chicken,butter,,,,
sugar,onions,rice,coffee,cereal,pasta,
milk,cookies,carrots,beef,chicken,salt,toothpaste
oil,tea,apples,eggs,pepper,,
potatoes,beef,oil,soap,,,
shampoo,yogurt,,,,,
bananas,toothpaste,carrots,cookies,,,
salt,beef,pepper,rice,toothpaste,milk,
soap,milk,flour,cookies,oil,potatoes,
rice,bread,,,,,
shampoo,onions,,,,,
coffee,cereal,,,,,
tomatoes,coffee,shampoo,toothpaste,,,
apples,carrots,butter,beef,salt,,
juice,chicken,sugar,tea,potatoes,bananas,
pasta,pepper,bread,potatoes,,,
cereal,salt,yogurt,,,,
cookies,yogurt,coffee,rice,potatoes,,
eggs,milk,,,,,
bread,milk,onions,,,,
rice,milk,pepper,,,,
cookies,pasta,salt,eggs,shampoo,bananas,chicken
beef,toothpaste,butter,,,,
cereal,beef,toothpaste,,,,
salt,beef,tea,tomatoes,potatoes,,
toothpaste,soap,yogurt,potatoes,tea,coffee,
milk,bananas,onions,coffee,carrots,bread,
flour,onions,milk,eggs,,,
tomatoes,chocolate,flour,,,,
tea,milk,carrots,bread,butter,potatoes,
pepper,yogurt,,,,,
bananas,onions,potatoes,butter,sugar,chocolate,rice
potatoes,cereal,tomatoes,milk,cheese,coffee,bananas
tomatoes,oil,bread,,,,
chicken,beef,pasta,toothpaste,bananas,apples,cookies
potatoes,toothpaste,oil,,,,
juice,cereal,carrots,coffee,,,
rice,pepper,bread,yogurt,onions,,
bread,potatoes,yogurt,tomatoes,,,
pepper,soap,toothpaste,bananas,cookies,salt,tomatoes
onions,pasta,eggs,sugar,cookies,yogurt,milk
flour,onions,,,,,
cookies,salt,rice,tomatoes,toothpaste,carrots,
shampoo,flour,tea,pepper,eggs,yogurt,potatoes
oil,shampoo,tea,apples,rice,,
oil,juice,cheese,coffee,eggs,,
rice,tomatoes,pasta,salt,pepper,,
rice,shampoo,juice,chicken,bread,milk,
tomatoes,beef,toothpaste,,,,
sugar,pepper,oil,,,,
cereal,shampoo,,,,,
butter,soap,cereal,bread,,,
coffee,apples,tea,juice,salt,,
rice,sugar,pepper,,,,
potatoes,eggs,cereal,,,,
cereal,salt,flour,juice,shampoo,,
shampoo,cookies,apples,milk,cereal,coffee,
toothpaste,sugar,bread,,,,
flour,sugar,toothpaste,milk,chocolate,juice,
milk,butter,cereal,bread,bananas,,
pasta,butter,apples,chocolate,onions,cookies,
salt,toothpaste,carrots,,,,
carrots,milk,beef,cookies,juice,bread,chicken
tea,cereal,potatoes,shampoo,pepper,flour,yogurt
pasta,beef,cheese,sugar,tea,potatoes,bananas
bananas,cereal,,,,,
shampoo,onions,,,,,
shampoo,cookies,butter,pepper,soap,pasta,apples
eggs,sugar,,,,,
potatoes,bananas,butter,tomatoes,pasta,chocolate,oil
tea,butter,eggs,soap,potatoes,oil,
bread,pepper,cheese,sugar,oil,,
yogurt,carrots,butter,sugar,cookies,milk,chicken
soap,onions,juice,potatoes,,,
bananas,juice,eggs,bread,apples,,
chicken,tea,bread,sugar,,,
tomatoes,potatoes,tea,flour,soap,yogurt,juice
chocolate,chicken,flour,salt,,,
flour,pasta,bread,salt,eggs,oil,chocolate
potatoes,apples,oil,butter,,,
carrots,juice,,,,,
sugar,toothpaste,,,,,
eggs,oil,potatoes,bread,,,
chicken,juice,soap,tea,pepper,yogurt,
carrots,toothpaste,eggs,potatoes,pasta,cheese,tomatoes
beef,milk,cookies,,,,
eggs,oil,flour,sugar,soap,,
shampoo,sugar,coffee,oil,yogurt,,
pepper,milk,bananas,beef,coffee,,
eggs,butter,oil,chocolate,,,
cookies,salt,shampoo,eggs,juice,yogurt,bananas
tea,butter,eggs,cookies,,,
coffee,bananas,bread,,,,
cheese,yogurt,butter,sugar,beef,,
chicken,flour,chocolate,coffee,bread,butter,
pepper,chicken,sugar,flour,bananas,tea,
shampoo,bread,milk,carrots,beef,coffee,
tea,shampoo,cheese,cookies,,,
pepper,coffee,cheese,butter,,,
onions,juice,tea,pasta,flour,,
potatoes,tomatoes,shampoo,pepper,butter,onions,soap
onions,cookies,carrots,sugar,tomatoes,,
tomatoes,apples,juice,potatoes,pepper,flour,
tea,eggs,tomatoes,,,,
oil,salt,pasta,cookies,pepper,cheese,tea
coffee,toothpaste,rice,chicken,pepper,milk,potatoes
juice,bread,rice,,,,
pasta,coffee,tea,juice,onions,,
tea,apples,milk,carrots,onions,butter,
beef,carrots,shampoo,flour,rice,,
chicken,pasta,yogurt,tea,butter,potatoes,chocolate
yogurt,pepper,soap,pasta,,,
tomatoes,eggs,cookies,toothpaste,,,
tea,cookies,butter,yogurt,pasta,eggs,sugar
toothpaste,shampoo,,,,,
soap,eggs,shampoo,chocolate,onions,cookies,
apples,butter,chocolate,potatoes,carrots,shampoo,pepper
tea,sugar,tomatoes,,,,
toothpaste,bread,,,,,
sugar,pepper,chocolate,milk,,,
tomatoes,potatoes,cheese,rice,milk,juice,
eggs,rice,carrots,yogurt,cereal,cheese,beef
eggs,beef,sugar,,,,
sugar,cheese,potatoes,carrots,,,
flour,tomatoes,chocolate,tea,,,
cereal,shampoo,,,,,
cereal,pepper,chicken,coffee,tomatoes,carrots,
onions,beef,,,,,
juice,butter,pepper,cheese,milk,,
flour,sugar,pasta,carrots,,,
tomatoes,coffee,chocolate,carrots,bread,pepper,bananas
cookies,soap,,,,,
onions,beef,yogurt,rice,,,
eggs,shampoo,beef,cheese,carrots,tea,
eggs,shampoo,rice,,,,
rice,chocolate,pasta,bread,pepper,,
bread,carrots,,,,,
soap,cheese,apples,cookies,,,
oil,cereal,sugar,toothpaste,,,
butter,salt,chicken,eggs,beef,onions,bread
pasta,beef,rice,coffee,soap,eggs,bread
bread,cheese,tomatoes,potatoes,,,
tomatoes,bread,bananas,beef,carrots,cheese,
eggs,pasta,,,,,
soap,cheese,eggs,bananas,yogurt,,
rice,chocolate,soap,milk,,,
pasta,sugar,pepper,chicken,cheese,,
eggs,cheese,pepper,bread,,,
shampoo,coffee,chicken,cereal,tomatoes,,
sugar,butter,potatoes,juice,,,
rice,coffee,chicken,butter,,,
bananas,juice,yogurt,rice,coffee,carrots,
cheese,tomatoes,sugar,,,,
eggs,toothpaste,cookies,salt,yogurt,pepper,butter
bread,eggs,sugar,cookies,oil,milk,chocolate
shampoo,eggs,yogurt,pepper,oil,,
oil,juice,yogurt,onions,coffee,eggs,
tea,bread,eggs,beef,pasta,soap,
eggs,cookies,chocolate,pepper,,,
juice,apples,cereal,butter,toothpaste,sugar,
apples,tea,onions,sugar,chicken,pepper,salt
tomatoes,beef,potatoes,,,,
yogurt,potatoes,oil,pasta,eggs,pepper,butter
salt,potatoes,toothpaste,milk,juice,carrots,bananas
salt,soap,chocolate,tea,bananas,,
cereal,cheese,pasta,cookies,tomatoes,potatoes,
shampoo,cheese,carrots,cookies,bananas,,
butter,sugar,beef,chocolate,tomatoes,cookies,
juice,flour,shampoo,onions,tomatoes,potatoes,oil
sugar,cereal,yogurt,juice,cheese,,
coffee,salt,eggs,bananas,tomatoes,,
sugar,rice,salt,tea,pasta,,
toothpaste,juice,,,,,
potatoes,sugar,,,,,
chocolate,sugar,beef,apples,shampoo,tea,
coffee,chicken,cheese,chocolate,,,
bread,toothpaste,beef,potatoes,chicken,rice,
milk,yogurt,,,,,
chocolate,tea,bread,,,,
beef,oil,toothpaste,yogurt,coffee,bread,flour
cookies,cereal,eggs,shampoo,,,
shampoo,butter,chocolate,,,,
pepper,chicken,beef,chocolate,cheese,soap,shampoo
bananas,carrots,beef,onions,tea,juice,potatoes
rice,potatoes,cheese,eggs,carrots,toothpaste,cookies
onions,juice,bread,pepper,,,
soap,pasta,carrots,cheese,chocolate,bread,
chicken,tea,tomatoes,bananas,onions,,
potatoes,apples,juice,cereal,bread,,
butter,tomatoes,,,,,
tomatoes,soap,oil,pepper,,,
bread,cereal,yogurt,apples,,,
salt,onions,tea,,,,
chocolate,soap,tea,,,,
flour,cheese,yogurt,cereal,,,
yogurt,cookies,butter,beef,salt,sugar,
pasta,tomatoes,chocolate,pepper,beef,flour,toothpaste
tomatoes,chicken,oil,,,,
cheese,bananas,chicken,toothpaste,,,
sugar,bananas,butter,eggs,onions,,
eggs,salt,oil,beef,rice,yogurt,
beef,juice,shampoo,,,,
juice,oil,beef,,,,
juice,tomatoes,,,,,
yogurt,soap,potatoes,salt,tea,milk,
bananas,chocolate,sugar,,,,
bananas,butter,beef,tomatoes,pepper,rice,
bananas,carrots,juice,potatoes,,,
tomatoes,chocolate,yogurt,salt,bananas,,
beef,yogurt,chocolate,,,,
carrots,cheese,oil,salt,toothpaste,soap,
sugar,toothpaste,yogurt,,,,
bananas,shampoo,beef,coffee,,,
shampoo,carrots,beef,milk,pepper,,
shampoo,soap,pasta,yogurt,pepper,flour,sugar
coffee,milk,toothpaste,,,,
oil,milk,cheese,carrots,,,
rice,chicken,onions,pepper,,,
cookies,potatoes,oil,salt,cereal,eggs,
butter,apples,bread,bananas,cookies,yogurt,pasta
oil,rice,coffee,,,,
rice,cereal,,,,,
chocolate,soap,oil,bread,,,
tea,salt,chicken,shampoo,,,
shampoo,toothpaste,chocolate,soap,coffee,onions,butter
flour,bread,,,,,
tomatoes,coffee,pepper,chicken,milk,shampoo,
bananas,soap,salt,apples,beef,cereal,cheese
tea,carrots,cheese,,,,
eggs,pepper,toothpaste,,,,
juice,chicken,cheese,oil,,,
onions,toothpaste,soap,oil,tomatoes,apples,
cookies,onions,milk,coffee,eggs,salt,
apples,flour,salt,bread,yogurt,pasta,
coffee,milk,eggs,bread,,,
soap,eggs,,,,,
yogurt,apples,,,,,
cereal,rice,tea,tomatoes,soap,butter,apples
rice,soap,cereal,,,,
shampoo,coffee,,,,,
yogurt,pasta,beef,eggs,soap,chicken,
juice,eggs,bread,flour,soap,pepper,
tomatoes,pepper,shampoo,,,,
salt,bananas,cookies,rice,,,
coffee,pasta,cereal,chocolate,beef,tea,
salt,tomatoes,cheese,,,,
onions,pepper,chicken,sugar,coffee,,
rice,tea,,,,,
milk,soap,juice,,,,
eggs,sugar,yogurt,bananas,onions,toothpaste,juice
carrots,chocolate,cereal,shampoo,toothpaste,sugar,pasta
apples,bananas,toothpaste,coffee,,,
chicken,apples,bread,coffee,sugar,toothpaste,
butter,bananas,toothpaste,pepper,,,
yogurt,soap,,,,,
bread,potatoes,milk,,,,
eggs,beef,chocolate,pepper,carrots,,
chicken,carrots,potatoes,pasta,bananas,bread,
butter,carrots,cheese,beef,,,
cookies,flour,soap,chicken,salt,,
beef,chocolate,butter,sugar,soap,tea,
pepper,cookies,carrots,beef,,,
coffee,beef,rice,onions,pasta,,
bread,carrots,chicken,,,,
potatoes,chocolate,bananas,cereal,onions,oil,
carrots,pasta,onions,sugar,,,
toothpaste,bananas,salt,cheese,,,
cereal,juice,,,,,
cereal,eggs,bread,bananas,,,
apples,milk,pasta,salt,cereal,,
tomatoes,cereal,cookies,beef,,,
soap,flour,chocolate,pepper,,,
beef,sugar,,,,,
pasta,oil,soap,,,,
potatoes,cereal,rice,yogurt,apples,,
tomatoes,bread,rice,juice,cereal,apples,milk
cereal,butter,sugar,coffee,bananas,shampoo,oil
bread,pepper,yogurt,carrots,oil,toothpaste,
flour,oil,carrots,sugar,tomatoes,pepper,butter
eggs,onions,potatoes,,,,
yogurt,onions,bananas,,,,
bananas,chicken,shampoo,tomatoes,soap,oil,carrots
juice,cheese,cookies,flour,coffee,,
oil,bread,,,,,
cheese,salt,toothpaste,shampoo,tea,eggs,cereal
oil,shampoo,chicken,flour,coffee,tea,juice
onions,coffee,butter,,,,
shampoo,carrots,cookies,flour,,,
soap,beef,,,,,
chocolate,salt,,,,,
oil,flour,onions,milk,apples,potatoes,cheese
bananas,chicken,carrots,juice,milk,tea,coffee
onions,eggs,cookies,flour,,,
shampoo,beef,juice,milk,pasta,apples,tea
cookies,sugar,coffee,,,,
cereal,soap,shampoo,cookies,bread,pasta,
chicken,cheese,pasta,pepper,,,
eggs,tomatoes,butter,cookies,,,
rice,cheese,chicken,eggs,,,
milk,cereal,bread,,,,
cereal,juice,chicken,chocolate,,,
toothpaste,tea,cookies,tomatoes,flour,salt,bread
juice,bananas,rice,,,,
onions,bananas,cookies,toothpaste,flour,carrots,salt
pepper,shampoo,rice,juice,bananas,oil,
cheese,cookies,onions,chocolate,tea,shampoo,bread
onions,oil,salt,flour,cereal,soap,
tomatoes,eggs,sugar,,,,
milk,chocolate,bread,,,,
carrots,tea,soap,cereal,sugar,potatoes,
coffee,onions,potatoes,flour,,,
shampoo,carrots,rice,bread,yogurt,cheese,cookies
potatoes,cereal,beef,soap,,,
toothpaste,milk,,,,,
soap,tea,onions,cereal,juice,yogurt,
yogurt,sugar,shampoo,,,,
soap,cheese,shampoo,toothpaste,yogurt,,
pepper,yogurt,oil,potatoes,juice,,
milk,eggs,cookies,chicken,tomatoes,,
onions,pasta,toothpaste,,,,
yogurt,potatoes,cereal,salt,bananas,onions,eggs
pepper,potatoes,,,,,
juice,rice,,,,,
rice,potatoes,butter,,,,
bananas,flour,cereal,bread,beef,yogurt,oil
cheese,pasta,shampoo,bread,toothpaste,,
cheese,eggs,rice,,,,
flour,juice,eggs,cheese,oil,bananas,
chocolate,cheese,soap,beef,,,
yogurt,carrots,milk,cookies,tomatoes,,
pepper,coffee,salt,soap,,,
salt,coffee,tea,onions,,,
sugar,milk,,,,,
tomatoes,apples,bananas,cookies,salt,,
chicken,oil,cheese,,,,
beef,salt,,,,,
apples,tomatoes,,,,,
shampoo,yogurt,carrots,milk,onions,,
eggs,juice,carrots,butter,oil,salt,
rice,sugar,tea,milk,,,
juice,bread,beef,,,,
tea,apples,,,,,
cheese,tomatoes,chocolate,sugar,apples,,
eggs,coffee,oil,,,,
rice,bread,cookies,,,,
sugar,milk,beef,cookies,cheese,onions,carrots
tomatoes,bread,juice,soap,beef,chicken,coffee
pepper,beef,juice,sugar,,,
butter,cheese,milk,oil,,,
pasta,cookies,chocolate,beef,flour,tomatoes,
butter,oil,,,,,
pepper,bananas,bread,butter,juice,cookies,rice
coffee,beef,salt,,,,
flour,shampoo,soap,potatoes,milk,,
toothpaste,eggs,coffee,apples,pepper,bread,onions
cereal,tea,sugar,yogurt,cheese,shampoo,
juice,shampoo,potatoes,butter,apples,,
tea,juice,yogurt,cheese,pasta,rice,shampoo
onions,milk,cheese,,,,
tea,yogurt,,,,,
cookies,apples,yogurt,bread,pepper,,
yogurt,cheese,potatoes,toothpaste,coffee,tea,
potatoes,sugar,oil,bread,cereal,,
beef,yogurt,flour,potatoes,chicken,rice,
cookies,toothpaste,butter,flour,onions,,
soap,eggs,cereal,onions,cookies,salt,
oil,potatoes,carrots,onions,butter,pasta,yogurt
eggs,soap,toothpaste,bananas,juice,shampoo,
milk,tomatoes,shampoo,tea,rice,,
rice,shampoo,carrots,oil,bread,,
cereal,apples,beef,salt,,,
bananas,tea,shampoo,sugar,oil,,
eggs,onions,butter,,,,
sugar,chicken,onions,rice,,,
chicken,cereal,toothpaste,potatoes,,,
bananas,tomatoes,butter,bread,chocolate,,
bread,shampoo,milk,carrots,rice,tea,
cookies,cereal,eggs,beef,butter,,
yogurt,beef,cereal,tomatoes,tea,potatoes,
pasta,toothpaste,yogurt,,,,
tea,salt,juice,,,,
rice,soap,cereal,juice,potatoes,,
chicken,toothpaste,yogurt,,,,
sugar,cheese,,,,,
bread,flour,sugar,,,,
cereal,sugar,juice,milk,,,
bread,cookies,tomatoes,soap,cheese,,
oil,eggs,onions,shampoo,chicken,,
coffee,cereal,pasta,milk,bread,,
oil,yogurt,potatoes,rice,cookies,,
sugar,juice,tea,toothpaste,tomatoes,,
bananas,cheese,carrots,butter,soap,cereal,tomatoes
coffee,beef,butter,pasta,soap,potatoes,chocolate
onions,eggs,tomatoes,,,,
onions,butter,,,,,
soap,coffee,tomatoes,bread,chocolate,onions,
oil,pepper,sugar,juice,,,
cheese,pasta,tomatoes,yogurt,onions,tea,
oil,bread,,,,,
bananas,cheese,sugar,cereal,,,
onions,tea,flour,oil,beef,,
sugar,rice,tea,,,,
shampoo,rice,cookies,flour,,,
soap,tomatoes,flour,pepper,toothpaste,tea,
chocolate,salt,yogurt,,,,
yogurt,beef,chicken,rice,tea,,
onions,yogurt,shampoo,,,,
milk,oil,sugar,juice,butter,,
pepper,potatoes,cereal,flour,onions,bread,yogurt
juice,eggs,cookies,,,,
cookies,flour,,,,,
flour,beef,bread,bananas,tea,,
tea,pepper,beef,tomatoes,butter,,
beef,bread,coffee,carrots,cereal,,
bananas,coffee,pasta,shampoo,tomatoes,beef,
potatoes,butter,bread,bananas,,,
chicken,flour,pepper,salt,,,
bananas,milk,cereal,oil,toothpaste,chicken,pasta
bread,rice,bananas,eggs,chocolate,pasta,
onions,bananas,yogurt,chocolate,eggs,cereal,coffee
cookies,beef,cheese,salt,sugar,butter,cereal
tea,cheese,,,,,
flour,juice,toothpaste,,,,
pasta,bananas,tomatoes,,,,
juice,cookies,oil,chocolate,pasta,coffee,
milk,onions,,,,,
cheese,pepper,chocolate,,,,
pepper,sugar,,,,,
beef,tomatoes,cheese,cookies,apples,flour,eggs
potatoes,chicken,bread,milk,,,
rice,potatoes,,,,,
carrots,shampoo,cereal,pasta,milk,salt,
milk,apples,sugar,pasta,rice,shampoo,
yogurt,pasta,,,,,
coffee,potatoes,toothpaste,,,,
chicken,eggs,yogurt,soap,,,
butter,tea,rice,onions,bread,,
apples,rice,carrots,,,,
beef,sugar,bananas,cheese,,,
rice,cookies,,,,,
oil,apples,pasta,bananas,tomatoes,coffee,pepper
rice,oil,flour,bread,chocolate,yogurt,beef
pepper,cereal,soap,milk,pasta,carrots,tomatoes
bread,cookies,,,,,
yogurt,pepper,soap,,,,
soap,juice,butter,potatoes,,,
salt,potatoes,,,,,
chocolate,potatoes,cheese,,,,
pepper,onions,beef,butter,,,
bread,cheese,,,,,
toothpaste,chicken,,,,,
rice,coffee,,,,,
pasta,tea,sugar,,,,
toothpaste,chicken,cereal,tomatoes,cheese,salt,apples
bread,potatoes,salt,cheese,chocolate,beef,
shampoo,flour,,,,,
chicken,juice,carrots,bananas,butter,sugar,
bread,milk,oil,beef,,,
cheese,carrots,,,,,
coffee,sugar,shampoo,,,,
juice,beef,tomatoes,,,,
cereal,bread,toothpaste,beef,,,
cereal,soap,chocolate,,,,
potatoes,juice,,,,,
yogurt,beef,flour,eggs,,,
soap,sugar,salt,chocolate,rice,butter,
bread,soap,cereal,,,,
potatoes,rice,pepper,,,,
salt,shampoo,pepper,tomatoes,onions,,
onions,chicken,butter,milk,juice,cereal,
yogurt,beef,cheese,soap,cereal,,
rice,chicken,chocolate,apples,,,
yogurt,salt,milk,cereal,bread,beef,
coffee,cereal,rice,cheese,soap,chicken,
milk,tomatoes,chocolate,,,,
shampoo,cheese,chicken,butter,apples,soap,salt
rice,eggs,apples,,,,
butter,soap,,,,,
potatoes,chocolate,juice,pepper,cereal,apples,
bread,carrots,cookies,tea,butter,sugar,
oil,eggs,tomatoes,cookies,pasta,,
bananas,toothpaste,tomatoes,shampoo,beef,flour,
bread,cookies,potatoes,shampoo,,,
pasta,yogurt,cereal,sugar,coffee,,
apples,toothpaste,yogurt,cheese,tea,,
juice,coffee,bread,chicken,oil,sugar,cereal
tomatoes,apples,pepper,yogurt,,,
cheese,chicken,,,,,
pasta,chocolate,,,,,
eggs,juice,potatoes,flour,soap,rice,
sugar,tea,flour,chocolate,onions,potatoes,cereal
bananas,pasta,chicken,sugar,potatoes,tomatoes,
coffee,juice,,,,,
potatoes,chicken,pasta,onions,,,
soap,cereal,milk,tea,chicken,tomatoes,butter
flour,butter,salt,beef,potatoes,sugar,rice
toothpaste,chocolate,apples,pasta,butter,bananas,milk
tomatoes,sugar,,,,,
oil,milk,tomatoes,soap,bananas,potatoes,
salt,tea,,,,,
pepper,salt,oil,rice,,,
tomatoes,milk,cookies,,,,
sugar,toothpaste,soap,oil,rice,,
eggs,bread,,,,,
tomatoes,potatoes,coffee,pasta,beef,oil,
butter,eggs,chocolate,apples,milk,cookies,
bananas,shampoo,tomatoes,carrots,,,
tomatoes,chocolate,bananas,chicken,rice,,
shampoo,toothpaste,carrots,potatoes,,,
onions,cookies,,,,,
juice,carrots,chicken,oil,tomatoes,coffee,
pepper,apples,tomatoes,,,,
chicken,carrots,beef,sugar,shampoo,,
bananas,tea,cereal,pasta,onions,,
salt,sugar,potatoes,cookies,tea,,
cheese,rice,carrots,pepper,oil,coffee,
milk,apples,cookies,sugar,,,
butter,soap,potatoes,,,,
bread,onions,,,,,
cheese,sugar,tomatoes,tea,toothpaste,salt,
oil,cookies,,,,,
rice,toothpaste,cereal,carrots,oil,,
cookies,cheese,yogurt,oil,beef,bread,
shampoo,bananas,rice,butter,soap,toothpaste,flour
juice,cookies,cheese,,,,
yogurt,milk,coffee,juice,,,
chocolate,onions,,,,,
apples,eggs,juice,,,,
beef,milk,pepper,,,,
carrots,butter,coffee,salt,bananas,bread,pepper
salt,cheese,butter,coffee,tomatoes,chocolate,
cheese,carrots,,,,,
chocolate,shampoo,,,,,
beef,rice,milk,bananas,bread,,
carrots,eggs,salt,soap,bread,,
onions,juice,bread,tea,,,
sugar,cheese,eggs,bananas,cereal,pepper,butter
potatoes,pepper,bread,pasta,tea,,
cheese,eggs,yogurt,soap,cookies,,
cereal,flour,oil,chocolate,,,
salt,shampoo,cheese,apples,yogurt,chicken,
rice,soap,cheese,,,,
oil,rice,shampoo,bread,,,
flour,tomatoes,chocolate,tea,butter,,
oil,coffee,potatoes,soap,tomatoes,,
milk,shampoo,tea,,,,
sugar,chicken,,,,,
chocolate,potatoes,cheese,rice,tea,tomatoes,apples
bananas,cheese,shampoo,potatoes,chicken,coffee,
soap,cheese,,,,,
coffee,soap,,,,,
carrots,salt,flour,,,,
soap,cereal,tea,,,,
apples,milk,yogurt,tomatoes,eggs,sugar,bananas
sugar,toothpaste,chocolate,flour,,,
bananas,milk,toothpaste,pepper,,,
coffee,pasta,,,,,
cookies,apples,bananas,coffee,tomatoes,oil,tea
yogurt,pasta,cheese,rice,soap,bananas,juice
toothpaste,milk,cookies,yogurt,salt,soap,
pepper,apples,bananas,,,,
soap,chocolate,,,,,
soap,butter,tomatoes,tea,toothpaste,,
tomatoes,butter,coffee,cheese,chicken,milk,eggs
milk,beef,,,,,
salt,milk,cereal,beef,flour,yogurt,
carrots,chocolate,,,,,
milk,tea,rice,beef,sugar,onions,potatoes
coffee,salt,sugar,butter,milk,cereal,
tomatoes,milk,salt,,,,
cheese,pepper,flour,butter,,,
chicken,tomatoes,pepper,cereal,sugar,flour,
carrots,tea,beef,apples,rice,toothpaste,oil
cereal,soap,cheese,,,,
bread,chocolate,carrots,juice,rice,,
apples,oil,carrots,chocolate,chicken,cereal,
oil,shampoo,,,,,
cereal,bananas,onions,tomatoes,pepper,salt,
beef,carrots,bread,oil,coffee,flour,juice
juice,onions,tomatoes,soap,oil,coffee,
onions,milk,cookies,coffee,flour,pepper,
butter,rice,chicken,bananas,,,
bread,coffee,carrots,toothpaste,sugar,cereal,
bananas,eggs,pepper,soap,shampoo,salt,
onions,sugar,carrots,beef,chocolate,cereal,
carrots,cookies,toothpaste,cereal,apples,butter,onions
juice,bread,beef,toothpaste,,,
flour,pasta,,,,,
oil,salt,toothpaste,,,,
cookies,potatoes,carrots,tomatoes,,,
tomatoes,eggs,flour,tea,,,
juice,toothpaste,,,,,
coffee,pasta,chocolate,bread,bananas,,
soap,beef,butter,,,,
rice,bananas,chicken,oil,cookies,sugar,shampoo
soap,cereal,,,,,
oil,toothpaste,onions,chocolate,carrots,milk,
chocolate,cheese,shampoo,beef,milk,onions,
shampoo,soap,potatoes,yogurt,,,
chocolate,pepper,apples,,,,
chicken,cereal,cheese,potatoes,toothpaste,,
rice,pasta,,,,,
rice,salt,,,,,
cereal,shampoo,,,,,
chocolate,eggs,flour,beef,,,
onions,chocolate,,,,,
beef,apples,oil,potatoes,,,
onions,apples,tea,coffee,shampoo,carrots,
salt,onions,bananas,pasta,,,
flour,apples,,,,,
shampoo,tea,yogurt,apples,salt,potatoes,
bananas,tea,,,,,
carrots,eggs,potatoes,tea,cheese,,
pepper,bananas,salt,tomatoes,coffee,,
sugar,coffee,,,,,
chicken,carrots,cereal,eggs,pasta,shampoo,
pepper,tea,salt,milk,beef,bananas,
eggs,bananas,flour,cookies,salt,,
sugar,salt,toothpaste,coffee,rice,bread,flour
oil,onions,apples,beef,,,
flour,salt,sugar,toothpaste,yogurt,apples,soap
apples,rice,juice,bananas,shampoo,eggs,
cookies,toothpaste,,,,,
bread,shampoo,,,,,
toothpaste,salt,eggs,,,,
chicken,oil,rice,salt,chocolate,bananas,milk
yogurt,eggs,,,,,
bananas,cereal,beef,sugar,soap,pasta,tomatoes
butter,flour,pepper,salt,,,
rice,eggs,shampoo,,,,
sugar,yogurt,salt,,,,
cheese,rice,tomatoes,yogurt,tea,,
yogurt,soap,cheese,tea,,,
soap,pasta,toothpaste,beef,juice,cookies,
soap,toothpaste,,,,,
shampoo,chicken,tea,pepper,bread,cookies,
chocolate,potatoes,juice,yogurt,cereal,apples,
carrots,beef,bread,milk,chocolate,sugar,cereal
salt,coffee,butter,eggs,potatoes,tea,yogurt
flour,chicken,cereal,,,,
yogurt,toothpaste,cereal,oil,,,
eggs,apples,onions,yogurt,juice,,
soap,milk,bananas,chocolate,,,
soap,onions,bananas,apples,chocolate,,
cookies,apples,salt,coffee,beef,tea,shampoo
cheese,tea,toothpaste,bananas,yogurt,,
rice,shampoo,bread,carrots,coffee,,
pasta,cookies,milk,,,,
coffee,cereal,toothpaste,sugar,,,
yogurt,cookies,,,,,
rice,onions,sugar,,,,
oil,juice,milk,bananas,,,
butter,chicken,,,,,
chocolate,cheese,,,,,
beef,chocolate,bread,eggs,shampoo,butter,
rice,butter,salt,sugar,bread,,
yogurt,tomatoes,chicken,,,,
pasta,bananas,cookies,sugar,flour,juice,toothpaste
apples,carrots,shampoo,oil,cheese,beef,bread
chicken,onions,pepper,shampoo,cookies,chocolate,
apples,eggs,oil,cheese,flour,,
onions,bread,potatoes,coffee,apples,,
tea,cereal,onions,,,,
sugar,milk,chocolate,,,,
eggs,salt,,,,,
cookies,cereal,pasta,oil,yogurt,chocolate,eggs
onions,bread,chicken,,,,
bread,shampoo,cereal,,,,
carrots,bananas,flour,juice,chicken,apples,bread
onions,rice,,,,,
butter,juice,,,,,
flour,chicken,sugar,,,,
soap,carrots,chocolate,beef,,,
potatoes,chocolate,butter,shampoo,apples,bananas,
salt,butter,oil,,,,
cookies,chicken,,,,,
apples,chocolate,eggs,milk,butter,,
flour,tea,bread,eggs,tomatoes,,
shampoo,yogurt,pasta,cookies,bananas,,
tea,sugar,,,,,
pasta,apples,cheese,,,,
yogurt,butter,oil,juice,,,
cheese,coffee,eggs,soap,tomatoes,shampoo,
chocolate,cookies,pasta,eggs,,,
cereal,beef,cheese,eggs,juice,bread,
yogurt,apples,milk,pepper,cereal,,
rice,soap,shampoo,,,,
salt,coffee,chicken,,,,
soap,apples,,,,,
butter,bread,yogurt,eggs,pasta,bananas,salt
cookies,chocolate,cheese,carrots,,,
eggs,bananas,oil,,,,
chicken,cereal,coffee,carrots,,,
chicken,flour,apples,shampoo,,,
pepper,tea,sugar,cereal,eggs,flour,onions
tea,flour,pasta,rice,,,
cereal,salt,cookies,carrots,shampoo,rice,
yogurt,bananas,salt,,,,
cookies,rice,chocolate,pasta,onions,,
pasta,bread,,,,,
cookies,salt,shampoo,toothpaste,,,
rice,onions,chicken,tomatoes,,,
juice,toothpaste,yogurt,sugar,,,
juice,soap,tomatoes,yogurt,beef,milk,
chocolate,yogurt,butter,juice,,,
bananas,yogurt,,,,,
oil,carrots,tomatoes,soap,potatoes,sugar,
sugar,apples,bananas,cereal,,,
chocolate,cereal,shampoo,,,,
cheese,soap,toothpaste,,,,
soap,onions,apples,,,,
bread,pasta,coffee,,,,
shampoo,onions,chocolate,tomatoes,,,
carrots,salt,yogurt,,,,
beef,bananas,yogurt,,,,
pepper,coffee,carrots,flour,tomatoes,bananas,salt
cheese,rice,,,,,
yogurt,flour,onions,bananas,,,
butter,toothpaste,juice,tea,,,
bananas,carrots,beef,pasta,coffee,shampoo,onions
cheese,flour,tea,shampoo,apples,rice,pepper
salt,yogurt,,,,,
milk,shampoo,beef,cereal,,,
bread,tea,,,,,
onions,pepper,eggs,tomatoes,rice,shampoo,
soap,milk,oil,shampoo,carrots,bananas,
cookies,eggs,bananas,yogurt,apples,pepper,
tomatoes,tea,cereal,carrots,salt,,
soap,apples,oil,,,,
onions,shampoo,toothpaste,cereal,bread,,
shampoo,cheese,bread,,,,
juice,cookies,cheese,pepper,,,
apples,eggs,milk,salt,toothpaste,chicken,flour
toothpaste,soap,pepper,milk,cookies,,
bananas,potatoes,butter,pasta,,,
shampoo,salt,soap,,,,
apples,soap,tea,toothpaste,chicken,salt,butter
onions,rice,tea,,,,
bread,bananas,yogurt,butter,oil,pasta,toothpaste
bananas,cereal,pepper,,,,
carrots,cheese,bread,,,,
yogurt,beef,cereal,,,,
potatoes,pasta,cheese,,,,
tomatoes,onions,,,,,
coffee,cereal,milk,bread,shampoo,,
potatoes,eggs,bananas,butter,shampoo,,
butter,apples,chicken,bread,,,
pepper,beef,bread,yogurt,bananas,oil,
milk,pasta,,,,,
oil,pasta,juice,rice,,,
chocolate,pasta,,,,,
pepper,pasta,cookies,cheese,yogurt,milk,
toothpaste,chicken,salt,cheese,cookies,beef,
apples,flour,chicken,chocolate,salt,pepper,
pasta,sugar,carrots,tea,beef,,
carrots,juice,,,,,
pasta,chicken,yogurt,butter,bread,,
eggs,flour,bread,carrots,,,
chicken,tomatoes,butter,cheese,bananas,pepper,oil
coffee,shampoo,cereal,bananas,,,
sugar,potatoes,cheese,soap,chicken,carrots,
yogurt,coffee,,,,,
bananas,coffee,cookies,tea,cheese,carrots,chicken
chicken,bread,,,,,
chocolate,yogurt,onions,tea,tomatoes,juice,
cheese,apples,flour,shampoo,butter,tea,
toothpaste,cereal,rice,apples,cheese,,
flour,bananas,coffee,chicken,cereal,butter,
beef,cheese,,,,,
pasta,shampoo,beef,chicken,,,
bread,carrots,bananas,soap,milk,,
chocolate,pepper,onions,carrots,pasta,bananas,beef
milk,oil,carrots,shampoo,onions,coffee,juice
bananas,toothpaste,chicken,bread,apples,,
tomatoes,salt,shampoo,rice,,,
yogurt,cereal,rice,bananas,flour,coffee,
pasta,cereal,cheese,,,,
potatoes,bananas,oil,tomatoes,,,
tea,juice,pasta,,,,
toothpaste,salt,rice,carrots,onions,tomatoes,
butter,pasta,rice,toothpaste,cereal,apples,
yogurt,toothpaste,bananas,chicken,flour,carrots,
salt,soap,tea,,,,
cheese,apples,tomatoes,chicken,,,
eggs,cheese,oil,soap,milk,,
oil,carrots,onions,bananas,,,
oil,butter,shampoo,juice,tomatoes,bread,soap
shampoo,pasta,tea,pepper,rice,milk,
cereal,rice,flour,oil,,,
yogurt,flour,,,,,
toothpaste,yogurt,flour,bread,sugar,,
carrots,chicken,shampoo,,,,
potatoes,apples,toothpaste,chicken,,,
rice,tea,yogurt,flour,,,
carrots,toothpaste,apples,shampoo,flour,cheese,pepper
flour,carrots,bananas,onions,tea,toothpaste,
sugar,bananas,carrots,cookies,pasta,bread,eggs
bread,salt,,,,,
pepper,sugar,,,,,
toothpaste,cookies,carrots,beef,coffee,soap,
shampoo,rice,,,,,
chocolate,tomatoes,shampoo,,,,
shampoo,cereal,cookies,tomatoes,cheese,,
flour,apples,sugar,yogurt,cereal,,
carrots,bread,oil,,,,
onions,apples,toothpaste,,,,
oil,flour,soap,bread,carrots,toothpaste,sugar
oil,butter,apples,cookies,sugar,cereal,
soap,apples,,,,,
chicken,chocolate,rice,bread,eggs,,
juice,pasta,chocolate,,,,
milk,butter,pepper,cereal,cookies,,
chocolate,potatoes,cookies,,,,
chocolate,pasta,toothpaste,cookies,,,
oil,toothpaste,bananas,pepper,rice,milk,flour
shampoo,apples,,,,,
bananas,pepper,soap,beef,cereal,,
toothpaste,cookies,butter,,,,
pasta,tomatoes,onions,pepper,potatoes,bananas,toothpaste
pepper,sugar,tomatoes,salt,,,
apples,chocolate,yogurt,,,,
chocolate,soap,tomatoes,tea,chicken,carrots,bananas
yogurt,soap,apples,cookies,chicken,,
carrots,potatoes,cereal,salt,oil,,
pasta,soap,cereal,,,,
pepper,potatoes,carrots,,,,
onions,chocolate,sugar,,,,
toothpaste,tea,butter,apples,,,
cookies,tomatoes,,,,,
tea,pasta,chocolate,cereal,bread,,
beef,chicken,cheese,,,,
carrots,flour,,,,,
bananas,shampoo,pepper,cereal,,,
yogurt,cookies,tomatoes,,,,
beef,chocolate,milk,bread,cookies,,
beef,pasta,cookies,pepper,coffee,salt,juice
oil,apples,bananas,cereal,,,
milk,tea,potatoes,toothpaste,juice,cheese,butter
pepper,coffee,,,,,
cheese,bananas,tomatoes,,,,
shampoo,yogurt,chocolate,,,,
cereal,bananas,sugar,,,,
onions,yogurt,eggs,,,,
cereal,tomatoes,salt,rice,carrots,,
pepper,chicken,shampoo,coffee,bread,juice,sugar
oil,tomatoes,shampoo,,,,
bread,flour,oil,cookies,tomatoes,,
tea,coffee,sugar,,,,
chocolate,chicken,pepper,,,,
eggs,carrots,flour,toothpaste,chicken,tomatoes,bread
pepper,beef,onions,soap,eggs,pasta,bananas
tea,onions,cheese,rice,,,
coffee,yogurt,cheese,tea,carrots,pepper,sugar
yogurt,tomatoes,flour,chocolate,juice,chicken,pepper
cookies,juice,pepper,toothpaste,milk,,
beef,coffee,butter,shampoo,,,
cookies,sugar,bananas,,,,
carrots,cheese,milk,,,,
apples,onions,tomatoes,salt,,,
oil,cereal,milk,salt,rice,pasta,
milk,pepper,apples,chocolate,,,
cookies,eggs,carrots,juice,butter,,
toothpaste,juice,cereal,cheese,onions,,
salt,flour,coffee,chocolate,,,
apples,pasta,carrots,yogurt,,,
yogurt,flour,butter,tea,potatoes,beef,
chicken,tea,,,,,
shampoo,salt,,,,,
coffee,rice,tea,oil,,,
soap,apples,juice,beef,butter,yogurt,carrots
bananas,cereal,coffee,cookies,yogurt,chicken,
pepper,flour,toothpaste,milk,cheese,tomatoes,shampoo
potatoes,cheese,flour,soap,pepper,toothpaste,tea
cereal,flour,tomatoes,soap,toothpaste,eggs,
salt,sugar,,,,,
eggs,apples,soap,beef,salt,chocolate,
salt,cereal,toothpaste,yogurt,onions,,
chocolate,butter,beef,salt,soap,juice,tea
pepper,beef,bread,flour,bananas,,
chocolate,flour,butter,bananas,,,
milk,cereal,chicken,oil,tomatoes,,
bananas,onions,coffee,salt,,,
eggs,coffee,beef,,,,
eggs,beef,,,,,
tea,pepper,cookies,butter,beef,,
juice,onions,,,,,
cheese,pepper,eggs,bread,,,
bananas,tomatoes,cereal,oil,apples,beef,yogurt
tea,coffee,carrots,,,,
tomatoes,bread,tea,cheese,soap,shampoo,eggs
chicken,cereal,salt,butter,milk,toothpaste,beef
rice,tea,tomatoes,milk,chicken,,
rice,tomatoes,chocolate,butter,,,
bread,chocolate,cereal,salt,beef,potatoes,flour
pasta,rice,apples,toothpaste,bananas,soap,
sugar,apples,bananas,juice,,,
yogurt,chocolate,rice,coffee,bread,,
juice,soap,potatoes,butter,milk,flour,bananas
tomatoes,chicken,cereal,juice,soap,,
rice,beef,soap,,,,
soap,tea,,,,,
butter,carrots,potatoes,beef,salt,,
bananas,milk,,,,,
milk,butter,oil,onions,,,
bread,flour,carrots,oil,bananas,rice,
apples,carrots,shampoo,bread,,,
yogurt,sugar,bread,onions,apples,tomatoes,
juice,chicken,chocolate,,,,
potatoes,shampoo,toothpaste,apples,pepper,cookies,soap
cereal,rice,coffee,juice,oil,,
bread,oil,,,,,
pepper,cheese,,,,,
pepper,milk,tea,chocolate,,,
salt,milk,juice,pasta,chocolate,,
eggs,pepper,chicken,yogurt,shampoo,tea,juice
potatoes,cookies,,,,,
tea,milk,bread,,,,
eggs,juice,,,,,
rice,salt,juice,toothpaste,cookies,onions,coffee
cereal,salt,potatoes,eggs,,,
rice,bananas,,,,,
tea,coffee,bread,,,,
carrots,juice,toothpaste,,,,
oil,carrots,cookies,chicken,cereal,,
oil,soap,toothpaste,shampoo,apples,cereal,
pasta,yogurt,tomatoes,,,,
eggs,apples,shampoo,bread,pepper,,
bread,pasta,cereal,,,,
butter,cheese,,,,,
butter,beef,tomatoes,bananas,,,
cookies,tea,milk,cereal,juice,beef,shampoo
salt,cookies,,,,,
shampoo,rice,cereal,,,,
sugar,flour,,,,,
yogurt,chocolate,,,,,
juice,cereal,,,,,
cheese,carrots,bananas,,,,
pasta,apples,onions,,,,
onions,milk,carrots,butter,juice,cookies,
cereal,tea,yogurt,soap,beef,,
tea,apples,chicken,sugar,flour,bread,eggs
onions,coffee,bread,yogurt,toothpaste,potatoes,
pepper,milk,,,,,
salt,cookies,bananas,toothpaste,butter,cereal,
cookies,butter,,,,,
eggs,oil,pasta,cereal,apples,potatoes,
beef,shampoo,bread,yogurt,oil,chocolate,
sugar,milk,rice,beef,salt,,
potatoes,oil,yogurt,pasta,,,
milk,apples,bananas,beef,onions,,
chocolate,chicken,,,,,
toothpaste,cheese,,,,,
soap,rice,oil,potatoes,yogurt,apples,
onions,shampoo,pasta,toothpaste,,,
bread,potatoes,onions,,,,
shampoo,flour,soap,tea,pepper,,
pasta,tea,oil,,,,
tea,bananas,potatoes,eggs,sugar,carrots,
carrots,flour,,,,,
chicken,pasta,rice,onions,beef,,
apples,tea,,,,,
coffee,shampoo,rice,chocolate,bananas,,
cereal,oil,pasta,cookies,bananas,beef,milk
pasta,soap,salt,eggs,,,
cookies,salt,potatoes,shampoo,toothpaste,apples,flour
coffee,cheese,cookies,,,,
chocolate,salt,eggs,oil,pasta,,
milk,cheese,,,,,
milk,potatoes,sugar,tomatoes,shampoo,,
sugar,pasta,,,,,
soap,cookies,,,,,
tea,sugar,cheese,bread,eggs,,
cereal,coffee,oil,sugar,,,
milk,oil,coffee,,,,
beef,tea,,,,,
soap,juice,toothpaste,chicken,tomatoes,cookies,cheese
tomatoes,salt,shampoo,potatoes,juice,onions,
coffee,tea,oil,toothpaste,,,
beef,tomatoes,milk,chocolate,,,
oil,butter,bread,soap,,,
eggs,sugar,shampoo,,,,
juice,soap,,,,,
eggs,toothpaste,oil,butter,beef,cereal,
tomatoes,beef,carrots,flour,,,
cereal,toothpaste,,,,,
juice,cereal,,,,,
juice,salt,milk,tea,toothpaste,soap,coffee
shampoo,cookies,,,,,
potatoes,bananas,apples,rice,cereal,onions,
onions,bread,toothpaste,cereal,rice,cookies,
juice,chocolate,salt,cereal,,,
bananas,beef,,,,,
cheese,rice,chocolate,apples,sugar,coffee,shampoo
pasta,shampoo,juice,,,,
shampoo,milk,yogurt,bread,pepper,,
shampoo,pepper,tea,chocolate,milk,cereal,juice
sugar,salt,apples,coffee,potatoes,rice,cookies
chicken,rice,sugar,flour,eggs,,
coffee,bread,eggs,,,,
shampoo,rice,oil,eggs,chocolate,tea,pepper
cereal,onions,tea,,,,
oil,butter,onions,juice,,,
flour,carrots,bananas,chocolate,tomatoes,oil,soap
juice,yogurt,pasta,pepper,beef,cereal,
coffee,carrots,pepper,toothpaste,salt,apples,
bread,eggs,shampoo,onions,butter,chocolate,
bread,coffee,,,,,
pasta,carrots,,,,,
potatoes,pepper,,,,,
bread,tea,cookies,,,,
onions,milk,,,,,
beef,eggs,butter,,,,
milk,oil,bread,flour,chicken,tea,onions
sugar,toothpaste,bananas,cookies,carrots,,
yogurt,coffee,pepper,milk,toothpaste,sugar,flour
salt,onions,cookies,apples,chocolate,rice,
bread,oil,yogurt,,,,
bread,coffee,eggs,tomatoes,pasta,,
tomatoes,potatoes,butter,pepper,soap,salt,
bananas,flour,apples,tea,,,
beef,cheese,chocolate,rice,,,
toothpaste,yogurt,onions,milk,,,
tea,cheese,beef,potatoes,bread,apples,shampoo
soap,flour,,,,,
pasta,oil,sugar,bananas,flour,,
milk,bananas,flour,soap,apples,cookies,beef
chocolate,yogurt,coffee,apples,,,
flour,bread,,,,,
cheese,eggs,potatoes,pepper,chicken,yogurt,rice
milk,sugar,butter,juice,,,
tea,cheese,,,,,
bananas,flour,rice,,,,
soap,coffee,rice,yogurt,onions,tomatoes,pasta
cereal,bananas,pasta,apples,yogurt,chocolate,
apples,shampoo,,,,,
tea,pepper,sugar,beef,cereal,tomatoes,
salt,tea,bread,cheese,apples,chocolate,coffee
cereal,salt,chicken,eggs,apples,rice,toothpaste
milk,cheese,eggs,cereal,bananas,cookies,
beef,flour,salt,eggs,soap,apples,
coffee,juice,,,,,
salt,cookies,eggs,cheese,tea,,
pepper,eggs,carrots,apples,bread,potatoes,
bananas,eggs,cheese,pepper,tea,butter,
shampoo,juice,,,,,
rice,eggs,apples,salt,,,
oil,chicken,flour,,,,
toothpaste,cookies,juice,oil,,,
salt,bread,chicken,,,,
juice,cheese,yogurt,apples,salt,cereal,chicken
pasta,bananas,,,,,
toothpaste,shampoo,chicken,sugar,,,
yogurt,tomatoes,,,,,
carrots,yogurt,bread,chicken,apples,toothpaste,beef
flour,beef,,,,,
pasta,apples,eggs,,,,
bananas,cheese,tomatoes,shampoo,tea,,
cereal,tea,milk,chicken,soap,beef,apples
yogurt,bananas,milk,,,,
bread,tea,apples,rice,eggs,beef,
cookies,tomatoes,shampoo,toothpaste,,,
carrots,shampoo,,,,,
tomatoes,chocolate,sugar,cheese,pasta,cookies,milk
rice,bananas,,,,,
pasta,bread,,,,,
cookies,tea,chicken,,,,
bread,soap,,,,,
pasta,bananas,milk,tea,,,
apples,soap,milk,,,,
sugar,pepper,butter,salt,,,
soap,oil,eggs,beef,chicken,,
pasta,yogurt,onions,toothpaste,salt,,
apples,cookies,potatoes,rice,bread,,
beef,coffee,juice,bread,,,
flour,beef,,,,,
shampoo,beef,,,,,
toothpaste,sugar,pepper,,,,
cereal,bread,,,,,
tomatoes,beef,cookies,rice,,,
tomatoes,sugar,shampoo,oil,pepper,,
tea,chocolate,onions,chicken,tomatoes,eggs,potatoes
sugar,beef,tomatoes,flour,tea,carrots,
soap,shampoo,butter,cereal,flour,cheese,cookies
pepper,butter,,,,,
pasta,rice,oil,cookies,tea,yogurt,
chicken,butter,sugar,coffee,cookies,cereal,bananas
chicken,yogurt,soap,coffee,bananas,sugar,tea
juice,tea,shampoo,bread,,,
cheese,carrots,bread,,,,
tomatoes,milk,beef,apples,yogurt,,
cereal,pepper,bananas,butter,yogurt,apples,
cereal,shampoo,sugar,rice,,,
beef,toothpaste,flour,shampoo,salt,bananas,
flour,chocolate,,,,,
toothpaste,juice,,,,,
chicken,onions,,,,,
tomatoes,bread,,,,,
chocolate,cereal,salt,cheese,pepper,,
beef,oil,toothpaste,,,,
tea,carrots,tomatoes,,,,
oil,milk,tea,chicken,apples,rice,
chicken,pepper,,,,,
pepper,toothpaste,beef,carrots,cereal,,
pasta,soap,chicken,tea,,,
pasta,bananas,sugar,toothpaste,,,
cookies,pasta,onions,tomatoes,pepper,tea,yogurt
onions,tea,,,,,
chicken,tea,carrots,milk,cookies,,
flour,shampoo,,,,,
sugar,apples,carrots,potatoes,,,
potatoes,toothpaste,yogurt,chicken,juice,tea,carrots
juice,milk,yogurt,salt,,,
shampoo,chicken,milk,flour,apples,carrots,yogurt
tomatoes,pasta,soap,chocolate,bread,,
pasta,flour,apples,,,,
pepper,toothpaste,bread,bananas,potatoes,tomatoes,eggs
salt,bananas,cheese,toothpaste,,,
cheese,milk,shampoo,chicken,toothpaste,,
coffee,eggs,shampoo,,,,
onions,yogurt,toothpaste,pasta,cereal,,
salt,onions,oil,eggs,,,
pasta,cookies,,,,,
cookies,chocolate,shampoo,tomatoes,rice,toothpaste,soap
bread,pasta,,,,,
apples,cereal,cheese,chicken,,,
juice,salt,onions,chocolate,bananas,milk,cookies
pepper,tea,chocolate,juice,salt,eggs,
chocolate,pasta,cheese,,,,
tea,toothpaste,onions,,,,
chicken,pasta,beef,shampoo,pepper,bananas,apples
carrots,salt,eggs,rice,yogurt,cheese,
potatoes,pasta,juice,milk,cheese,,
chicken,sugar,carrots,bread,,,
coffee,carrots,cheese,bread,,,
pasta,oil,eggs,yogurt,bread,,
pepper,pasta,toothpaste,juice,bananas,carrots,butter
coffee,butter,shampoo,,,,
bread,pasta,butter,chocolate,milk,oil,
toothpaste,bananas,butter,juice,tea,cereal,
coffee,bread,flour,shampoo,pasta,eggs,chocolate
cookies,chicken,,,,,
potatoes,rice,cereal,,,,
chicken,cheese,flour,milk,juice,,
oil,butter,tea,salt,pasta,pepper,rice
soap,apples,onions,rice,tomatoes,cookies,
yogurt,shampoo,toothpaste,juice,potatoes,,
beef,carrots,,,,,
beef,carrots,,,,,
pepper,onions,cheese,,,,
coffee,bread,chicken,,,,
sugar,salt,cheese,butter,,,
bananas,tea,yogurt,pepper,,,
pasta,tomatoes,potatoes,,,,
chocolate,milk,chicken,cheese,yogurt,,
carrots,bread,cheese,,,,
